time/time_elapsed,time/iterations,rollout/ep_rew_mean,rollout/ep_len_mean,time/fps,time/total_timesteps,train/entropy_loss,train/loss,train/learning_rate,train/approx_kl,train/explained_variance,train/clip_fraction,train/n_updates,train/clip_range,train/policy_gradient_loss,train/value_loss,train/std
33,1,-24728.000495,8640.0,254,8640,,,,,,,,,,,
84,2,-24821.215478,8640.0,204,17280,-5.706974101949621,-0.2824268043041229,5e-05,0.009499431,0.1849454641342163,0.08644675925925926,10,0.2,-0.009713580979862147,0.16773159289525616,1.0145020484924316
127,3,-25192.451944999997,8640.0,203,25920,-5.763219012507686,-0.2895333468914032,5e-05,0.009863181,0.7025247812271118,0.08315972222222222,20,0.2,-0.010499155680752463,0.04692131213567875,1.027888536453247
156,4,-25704.65150325,8640.0,220,34560,-5.816410777480514,-0.28088730573654175,5e-05,0.009859138,0.8338273763656616,0.0763888888888889,30,0.2,-0.008667737023422011,0.023285983375239152,1.0425323247909546
185,5,-26192.199159599997,8640.0,232,43200,-5.879062059543751,-0.3219324052333832,5e-05,0.007338865,0.9061285257339478,0.05023148148148148,40,0.2,-0.0059859158847205066,0.015923310270601954,1.0611763000488281
212,6,-26686.28929783333,8640.0,243,51840,-5.941141295256438,-0.3110487163066864,5e-05,0.005553312,0.938831627368927,0.031099537037037037,50,0.2,-0.004214581021763108,0.01259981480323606,1.0753705501556396
240,7,-26826.568599571423,8640.0,251,60480,-5.989252805356626,-0.3135198950767517,5e-05,0.005935538,0.9591580033302307,0.04681712962962963,60,0.2,-0.006323728997225839,0.01311117386686857,1.0880517959594727
267,8,-26828.555041624997,8640.0,258,69120,-6.03764271736145,-0.2939438819885254,5e-05,0.00638478,0.9734636545181274,0.043784722222222225,70,0.2,-0.0055450058385246885,0.013347420893195603,1.101027011871338
295,9,-26754.293916777777,8640.0,263,77760,-6.087775375578139,-0.2853386700153351,5e-05,0.0055810795,0.9838595390319824,0.03378472222222222,80,0.2,-0.005524389199843561,0.01441236814673714,1.1162140369415283
322,10,-26576.557010899996,8640.0,268,86400,-6.132318175633748,-0.29446732997894287,5e-05,0.0056299483,0.9872440695762634,0.02903935185185185,90,0.2,-0.004349119275963555,0.015018563329552611,1.1270742416381836
349,11,-26327.48804872727,8640.0,272,95040,-6.172878425033004,-0.2914856970310211,5e-05,0.0056625605,0.9900139570236206,0.03523148148148148,100,0.2,-0.0065483369110841995,0.015245649725267733,1.139040231704712
376,12,-26054.2757765,8640.0,275,103680,-6.203089224497477,-0.3104325234889984,5e-05,0.0055768383,0.9939044117927551,0.03408564814814815,110,0.2,-0.006620108953987559,0.01747167273700513,1.145617961883545
403,13,-25735.19824630769,8640.0,278,112320,-6.233010585572984,-0.3431820869445801,5e-05,0.0068087233,0.9953764081001282,0.05545138888888889,120,0.2,-0.007439487770337749,0.018471623004448635,1.1567773818969727
430,14,-25457.505024928567,8640.0,280,120960,-6.262055884820444,-0.3152328431606293,5e-05,0.0053861192,0.996633768081665,0.03702546296296296,130,0.2,-0.00548260920042931,0.017076639213288825,1.1633936166763306
457,15,-25177.30085573333,8640.0,283,129600,-6.299655403561062,-0.3166258633136749,5e-05,0.0066582095,0.997001051902771,0.04913194444444444,140,0.2,-0.007206927823868615,0.017691813227203156,1.178957462310791
490,16,-24914.446355750002,8640.0,282,138240,-6.342628144158257,-0.3184235095977783,5e-05,0.0054670847,0.9974433779716492,0.04791666666666667,150,0.2,-0.006467590461554075,0.014717924516061666,1.1893937587738037
522,17,-24656.567718941176,8640.0,281,146880,-6.383057968351576,-0.3445892035961151,5e-05,0.0070047355,0.9977738261222839,0.05585648148148148,160,0.2,-0.006819433596813016,0.013287046963211011,1.2035835981369019
550,18,-24393.01044988889,8640.0,282,155520,-6.420659562216865,-0.3059372901916504,5e-05,0.0073270206,0.997898280620575,0.05761574074074074,170,0.2,-0.00612120280628679,0.01334055063487203,1.2137095928192139
578,19,-24144.072479052633,8640.0,283,164160,-6.465719679373282,-0.3500378429889679,5e-05,0.0053959377,0.9983349442481995,0.04386574074074074,180,0.2,-0.006573270610706122,0.010628243434863786,1.2320680618286133
606,20,-23947.1138359,8640.0,284,172800,-6.510076019852249,-0.32431524991989136,5e-05,0.005613433,0.9985500574111938,0.05260416666666667,190,0.2,-0.005825073006390421,0.009384083537453855,1.242514729499817
634,21,-23751.90465404762,8640.0,285,181440,-6.545487745779532,-0.34177330136299133,5e-05,0.005231645,0.9988484978675842,0.03954861111111111,200,0.2,-0.00510033617934419,0.007902195260308132,1.2562260627746582
662,22,-23552.367810954544,8640.0,287,190080,-6.586352393185651,-0.34001535177230835,5e-05,0.0056416574,0.9985591173171997,0.047453703703703706,210,0.2,-0.006934248693114905,0.00844432582837288,1.2689177989959717
689,23,-23388.40630821739,8640.0,288,198720,-6.626870146504155,-0.33111098408699036,5e-05,0.004942516,0.9986104965209961,0.031122685185185184,220,0.2,-0.005423720086648784,0.007135692914189012,1.2821831703186035
717,24,-23215.75834525,8640.0,289,207360,-6.660725919935438,-0.3186778426170349,5e-05,0.0059895064,0.9980396628379822,0.04010416666666667,230,0.2,-0.005584654202339826,0.0082075564906484,1.2915334701538086
745,25,-23027.831808680003,8640.0,289,216000,-6.686006408267551,-0.33872371912002563,5e-05,0.0052695936,0.998982310295105,0.0346875,240,0.2,-0.00540691369627085,0.005715348768237702,1.3001660108566284
773,26,-22876.569362192313,8640.0,290,224640,-6.7121271804527,-0.32318300008773804,5e-05,0.004243018,0.9987385869026184,0.029814814814814815,250,0.2,-0.004898653049366894,0.005866389444477304,1.3088278770446777
800,27,-22714.214946111115,8640.0,291,233280,-6.7389222734945795,-0.33495208621025085,5e-05,0.0051540914,0.9990857839584351,0.029976851851851852,260,0.2,-0.004880851016517866,0.005278696801720394,1.3191035985946655
828,28,-22559.893976428575,8640.0,292,241920,-6.7720159484722,-0.3715747594833374,5e-05,0.005477476,0.9989875555038452,0.0375,270,0.2,-0.0056478866953747695,0.005012206807387648,1.331470251083374
855,29,-22422.915851793106,8640.0,292,250560,-6.803412829858285,-0.34985142946243286,5e-05,0.004587874,0.9990671873092651,0.02917824074074074,280,0.2,-0.004736266356582443,0.0036561924727909543,1.3434100151062012
884,30,-22290.606640733335,8640.0,293,259200,-6.833032804418493,-0.34502190351486206,5e-05,0.0045850375,0.9991989731788635,0.028761574074074075,290,0.2,-0.004278209749954166,0.0037625907345123035,1.3544734716415405
912,31,-22165.710832645163,8640.0,293,267840,-6.862460392139576,-0.3361988663673401,5e-05,0.0044219317,0.9990783929824829,0.03211805555555555,300,0.2,-0.00572174481133482,0.004386182724998367,1.3661948442459106
940,32,-22054.79728146875,8640.0,293,276480,-6.892926157845391,-0.35340988636016846,5e-05,0.0037719882,0.9991884827613831,0.022060185185185186,310,0.2,-0.0034683185453630158,0.004099651755144199,1.3783190250396729
968,33,-21937.90711151515,8640.0,294,285120,-6.926977507979782,-0.3498726487159729,5e-05,0.005228131,0.9990770816802979,0.036689814814814814,320,0.2,-0.005176515178754925,0.003963631971359805,1.392677903175354
996,34,-21837.164886529412,8640.0,294,293760,-6.966443926493326,-0.36960169672966003,5e-05,0.005380212,0.9991013407707214,0.03909722222222222,330,0.2,-0.0048100225196254474,0.0037566435027488127,1.4087786674499512
1024,35,-21751.270000714285,8640.0,295,302400,-7.0015017537717466,-0.3641393482685089,5e-05,0.0045618424,0.9991692304611206,0.022997685185185184,340,0.2,-0.003862742441533892,0.004182881809667581,1.4221372604370117
1052,36,-21668.760498833333,8640.0,295,311040,-7.040155643180564,-0.33630165457725525,5e-05,0.0052069724,0.9990503191947937,0.03222222222222222,350,0.2,-0.005843772860243917,0.0038630800131121993,1.4403629302978516
1080,37,-21582.123360513513,8640.0,295,319680,-7.070846634617558,-0.36643821001052856,5e-05,0.00493836,0.998820960521698,0.03625,360,0.2,-0.004504572716714055,0.004050565020836614,1.4478226900100708
1108,38,-21492.28316023684,8640.0,296,328320,-7.1014963619797316,-0.337048202753067,5e-05,0.0057299435,0.9985120296478271,0.039594907407407405,370,0.2,-0.0043361672659025146,0.004730830886228769,1.4638229608535767
1137,39,-21409.633237769227,8640.0,296,336960,-7.146199904194584,-0.35058221220970154,5e-05,0.00435365,0.9989769458770752,0.025949074074074076,380,0.2,-0.004815876475293879,0.0032906876840732165,1.4842088222503662
1166,40,-21341.489898775,8640.0,296,345600,-7.181826317045424,-0.3595733046531677,5e-05,0.0047460846,0.9991398453712463,0.0296875,390,0.2,-0.00467449514798958,0.0030060409442349166,1.4954224824905396
1194,41,-21270.953077707316,8640.0,296,354240,-7.209284630881416,-0.37286266684532166,5e-05,0.004990147,0.9991087913513184,0.03311342592592593,400,0.2,-0.00502356469217274,0.003127332877419475,1.5090155601501465
1222,42,-21194.330221738095,8640.0,296,362880,-7.2332978608873155,-0.3686155676841736,5e-05,0.004875686,0.999068558216095,0.02886574074074074,410,0.2,-0.004399111509685301,0.003013781823511063,1.5175721645355225
1250,43,-21125.96596551163,8640.0,297,371520,-7.260842994407371,-0.40147528052330017,5e-05,0.0048710597,0.9991381764411926,0.02392361111111111,420,0.2,-0.004009248967178994,0.0029561382815397035,1.5325887203216553
1277,44,-21065.53904025,8640.0,297,380160,-7.283581486807929,-0.38643646240234375,5e-05,0.0037739724,0.9990106225013733,0.014456018518518519,430,0.2,-0.003914134975660731,0.002762532518590214,1.539688229560852
1302,45,-20994.38082848889,8640.0,298,388800,-7.299798753526476,-0.3634703457355499,5e-05,0.0050129592,0.9990934729576111,0.027627314814814816,440,0.2,-0.004614907869793199,0.0026726944722166215,1.5486361980438232
1328,46,-20927.883195326092,8640.0,299,397440,-7.323674401177301,-0.37825942039489746,5e-05,0.004345336,0.9991740584373474,0.02179398148148148,450,0.2,-0.004134872083345221,0.002614585518905962,1.5620089769363403
1353,47,-20868.953856808515,8640.0,300,406080,-7.351113717820909,-0.3690990209579468,5e-05,0.003997376,0.9991716146469116,0.02428240740740741,460,0.2,-0.0039465132540229845,0.0023351472015147685,1.575222134590149
1378,48,-20810.012554770834,8640.0,300,414720,-7.369257864422268,-0.3734106421470642,5e-05,0.004978174,0.9992893934249878,0.031689814814814816,470,0.2,-0.005886365425497017,0.0025402967331292865,1.5827374458312988
1402,49,-20747.559836122447,8640.0,301,423360,-7.377829288200096,-0.3742750585079193,5e-05,0.004499867,0.9992402791976929,0.022974537037037036,480,0.2,-0.004914040114834077,0.0024559756991005053,1.588634967803955
1427,50,-20688.503117099997,8640.0,302,432000,-7.394106504299023,-0.3749827444553375,5e-05,0.004287038,0.9992273449897766,0.025659722222222223,490,0.2,-0.004058439081741704,0.002113746407062367,1.6030724048614502
1452,51,-20634.680345666664,8640.0,303,440640,-7.415786022256921,-0.3866119384765625,5e-05,0.004800864,0.9991158246994019,0.02539351851851852,500,0.2,-0.0043972247318985564,0.0017933450212822882,1.6111851930618286
1477,52,-20573.10641305769,8640.0,304,449280,-7.447044754028321,-0.366304486989975,5e-05,0.005199472,0.9991327524185181,0.0334375,510,0.2,-0.003941781910101849,0.0019610615730440866,1.6327426433563232
1502,53,-20512.984251320748,8640.0,304,457920,-7.479409843374182,-0.38327106833457947,5e-05,0.0041500535,0.9991662502288818,0.01871527777777778,520,0.2,-0.003829699021384672,0.0022532026999612788,1.6448144912719727
1527,54,-20451.634703740736,8640.0,305,466560,-7.500628893110488,-0.38570114970207214,5e-05,0.005081411,0.9991562962532043,0.029131944444444443,530,0.2,-0.005844487126278519,0.0018495802078999717,1.6570799350738525
1553,55,-20397.320122581812,8640.0,305,475200,-7.523210408599288,-0.39451324939727783,5e-05,0.0048211627,0.999293863773346,0.025798611111111112,540,0.2,-0.004621628749063584,0.0019170469265534645,1.669022798538208
1577,56,-20337.96060994643,8640.0,306,483840,-7.537014961595888,-0.40580788254737854,5e-05,0.005420176,0.9991859197616577,0.03283564814814815,550,0.2,-0.006704619948890198,0.0019421118685837696,1.6771165132522583
1602,57,-20276.990963280703,8640.0,307,492480,-7.550033497633757,-0.3676462769508362,5e-05,0.0044738017,0.9993178844451904,0.029930555555555554,560,0.2,-0.00521281891623167,0.0019583212846838354,1.6874146461486816
1627,58,-20226.307240275863,8640.0,307,501120,-7.565530605316162,-0.3923499286174774,5e-05,0.005148568,0.9992702007293701,0.03436342592592593,570,0.2,-0.004944240830286785,0.001851956656297531,1.695725440979004
1652,59,-20164.70523459322,8640.0,308,509760,-7.5845170995924205,-0.4035102427005768,5e-05,0.0036502618,0.9992817640304565,0.018368055555555554,580,0.2,-0.0037819411907414045,0.0016192591224400395,1.7105798721313477
1676,60,-20105.933470250002,8640.0,309,518400,-7.6081253765247485,-0.3684852123260498,5e-05,0.005347733,0.9991331100463867,0.035069444444444445,590,0.2,-0.005906828537548858,0.0017267018387577048,1.7271308898925781
1701,61,-20050.239893295085,8640.0,309,527040,-7.6244872619487625,-0.3820223808288574,5e-05,0.003816413,0.9992058873176575,0.019328703703703702,600,0.2,-0.004093594451745351,0.0017467019648756833,1.7374789714813232
1726,62,-19996.481356483873,8640.0,310,535680,-7.649140695642542,-0.41228342056274414,5e-05,0.0044353236,0.999194324016571,0.01875,610,0.2,-0.003190663238056004,0.0017619089970658361,1.7576451301574707
1751,63,-19949.343946761906,8640.0,310,544320,-7.676992936664157,-0.39249569177627563,5e-05,0.004588549,0.9992172718048096,0.023541666666666666,620,0.2,-0.0038900623375687886,0.0015360980286452644,1.7734817266464233
1777,64,-19901.576514203123,8640.0,311,552960,-7.696643486022949,-0.39553093910217285,5e-05,0.003942296,0.9989238381385803,0.018298611111111113,630,0.2,-0.004048916646796796,0.0019105541825518702,1.7864940166473389
1803,65,-19855.04854913846,8640.0,311,561600,-7.714574114834821,-0.3979812264442444,5e-05,0.0037337807,0.9991992712020874,0.014166666666666666,640,0.2,-0.0036990903668036616,0.001987155123044633,1.7994707822799683
1830,66,-19805.54592319697,8640.0,311,570240,-7.73753719329834,-0.4197034239768982,5e-05,0.0045940685,0.999089241027832,0.029930555555555554,650,0.2,-0.004450861283371018,0.0014562055748387206,1.8176487684249878
1857,67,-19753.926991044773,8640.0,311,578880,-7.763087638925623,-0.4144692122936249,5e-05,0.00589437,0.9992203712463379,0.038935185185185184,660,0.2,-0.006219195832187931,0.0015259643650130817,1.832187294960022
1885,68,-19709.802601647058,8640.0,311,587520,-7.784669155544705,-0.39643236994743347,5e-05,0.0052358285,0.999251663684845,0.03128472222222222,670,0.2,-0.005512268557558181,0.0016046396157859515,1.84770667552948
1913,69,-19661.915348942028,8640.0,311,596160,-7.80777573161655,-0.4135286509990692,5e-05,0.005041737,0.9990053772926331,0.026377314814814815,680,0.2,-0.0052535994999386645,0.0014192189898393633,1.8650230169296265
1941,70,-19622.049706842856,8640.0,311,604800,-7.823130709330241,-0.3905389606952667,5e-05,0.0052975165,0.9991819262504578,0.03238425925925926,690,0.2,-0.00641991353817974,0.0015290724614600616,1.876359224319458
1969,71,-19578.866321478872,8640.0,311,613440,-7.84581215399283,-0.39665332436561584,5e-05,0.0056274883,0.9992296695709229,0.03813657407407407,700,0.2,-0.004366493820023068,0.0013280013246737697,1.8942029476165771
1997,72,-19538.06201558333,8640.0,311,622080,-7.875379120862043,-0.4119231700897217,5e-05,0.0048769517,0.9992775917053223,0.029456018518518517,710,0.2,-0.004508610578357345,0.0014401256231832559,1.9128665924072266
2025,73,-19496.11179117808,8640.0,311,630720,-7.901995055233991,-0.40962275862693787,5e-05,0.0042945165,0.9993195533752441,0.02511574074074074,720,0.2,-0.004011081682466384,0.0012744758660577376,1.9279701709747314
2053,74,-19456.326870418918,8640.0,311,639360,-7.936805585578636,-0.40425148606300354,5e-05,0.004560607,0.9992235898971558,0.021064814814814814,730,0.2,-0.0034524525005232404,0.0014448288540976743,1.953877329826355
2081,75,-19410.6905696,8640.0,311,648000,-7.974342088699341,-0.38440248370170593,5e-05,0.004334721,0.9993435144424438,0.022476851851851852,740,0.2,-0.004640791289059928,0.0013784529930153102,1.9759794473648071
2109,76,-19375.10999653947,8640.0,311,656640,-7.99829205583643,-0.38472023606300354,5e-05,0.0043420712,0.9993741512298584,0.024120370370370372,750,0.2,-0.003976446092818622,0.0013206845189496462,1.989794373512268
2139,77,-19343.054111532467,8640.0,310,665280,-8.018540068025942,-0.424392968416214,5e-05,0.0048526456,0.9992814064025879,0.03113425925925926,760,0.2,-0.0045757484949987244,0.0015659359518731771,2.011794090270996
2169,78,-19314.294816102563,8640.0,310,673920,-8.053256446697095,-0.39871612191200256,5e-05,0.005155402,0.9988515377044678,0.031967592592592596,770,0.2,-0.005086377378967073,0.002145291012323772,2.0345163345336914
2197,79,-19309.025537936708,8640.0,310,682560,-8.10806974057798,-0.420801043510437,5e-05,0.005686087,0.9985795617103577,0.03523148148148148,780,0.2,-0.0059592036163020464,0.003629643908115449,2.0732357501983643
2225,80,-19298.0449499125,8640.0,310,691200,-8.169781614939371,-0.4095768630504608,5e-05,0.0048844083,0.9959753155708313,0.022175925925925925,790,0.2,-0.003981557524142166,0.004736634201490906,2.104257345199585
2254,81,-19295.816138382714,8640.0,310,699840,-8.229005397514062,-0.4148350954055786,5e-05,0.004144831,0.996626615524292,0.022546296296296297,800,0.2,-0.0037773436211325506,0.0049323745249529125,2.1389236450195312
2282,82,-19300.942079085362,8640.0,310,708480,-8.284343273021557,-0.42633184790611267,5e-05,0.004510762,0.9977030158042908,0.029861111111111113,810,0.2,-0.004662883003345794,0.0033290651991652945,2.169828414916992
2311,83,-19305.267268807227,8640.0,310,717120,-8.339449640203405,-0.4256194829940796,5e-05,0.005008847,0.9971120357513428,0.02675925925925926,820,0.2,-0.005065854181259595,0.0045556318063150955,2.2019271850585938
2340,84,-19315.304591999997,8640.0,310,725760,-8.39168773651123,-0.4161616563796997,5e-05,0.0048012333,0.997564435005188,0.03450231481481481,830,0.2,-0.005342046215750829,0.003784547944949871,2.229987621307373
2368,85,-19317.24362223529,8640.0,310,734400,-8.440705248514812,-0.44319939613342285,5e-05,0.0048672063,0.9970218539237976,0.02533564814814815,840,0.2,-0.004389375648633749,0.005968291184140577,2.2602460384368896
2398,86,-19326.542341558135,8640.0,309,743040,-8.493702800892018,-0.4508431851863861,5e-05,0.0037969025,0.9977626800537109,0.021840277777777778,850,0.2,-0.0041464008635806815,0.0036726644391159493,2.2924294471740723
2427,87,-19322.011455528733,8640.0,309,751680,-8.545695074575919,-0.44191211462020874,5e-05,0.005678101,0.998024046421051,0.03462962962962963,860,0.2,-0.004681019864769445,0.0033698274678964583,2.3240699768066406
2456,88,-19343.559718681816,8640.0,309,760320,-8.592153319606075,-0.4392760396003723,5e-05,0.004664001,0.9979172945022583,0.02440972222222222,870,0.2,-0.004172168933889932,0.003354375592036242,2.3541228771209717
2485,89,-19337.46778452809,8640.0,309,768960,-8.636909414927164,-0.4468885362148285,5e-05,0.00439867,0.9968084096908569,0.018969907407407408,880,0.2,-0.004202613292641386,0.005252497468695596,2.386058807373047
2513,90,-19318.01131462222,8640.0,309,777600,-8.680261404955829,-0.423260897397995,5e-05,0.0049246,0.998190701007843,0.029872685185185186,890,0.2,-0.003737641861834736,0.0032160273531486316,2.4134066104888916
2542,91,-19292.242509626372,8640.0,309,786240,-8.722721388781512,-0.41793450713157654,5e-05,0.005412145,0.9989578127861023,0.032303240740740743,900,0.2,-0.003936785241519964,0.002194441357989692,2.4479317665100098
2571,92,-19269.794126728262,8640.0,309,794880,-8.759020067850749,-0.45322564244270325,5e-05,0.00585757,0.9995708465576172,0.03690972222222222,910,0.2,-0.005559888273581034,0.0017988644640340849,2.475656747817993
2599,93,-19246.364668333335,8640.0,309,803520,-8.7849194350066,-0.45653581619262695,5e-05,0.0060607363,0.9996325373649597,0.040289351851851854,920,0.2,-0.005173897361382842,0.0016303274470502165,2.4974241256713867
2628,94,-19224.1464576383,8640.0,308,812160,-8.803624079668964,-0.45114392042160034,5e-05,0.004178247,0.9996026158332825,0.023194444444444445,930,0.2,-0.00354334591905138,0.001480231400432617,2.5149927139282227
2657,95,-19202.1712558,8640.0,308,820800,-8.822057752962465,-0.45620983839035034,5e-05,0.0050248746,0.9995833039283752,0.03395833333333333,940,0.2,-0.00521316832345393,0.001742940056655142,2.541349172592163
2686,96,-19179.126065510416,8640.0,308,829440,-8.8438151606807,-0.4546394646167755,5e-05,0.004829593,0.9996433258056641,0.02306712962962963,950,0.2,-0.004319553138446753,0.0014089265526962226,2.570408821105957
2715,97,-19155.999022206186,8640.0,308,838080,-8.863048082281042,-0.4653845429420471,5e-05,0.005191541,0.9996163845062256,0.03875,960,0.2,-0.005977046948650645,0.0015916777546603784,2.5934507846832275
2744,98,-19130.497150530613,8640.0,308,846720,-8.88819622958148,-0.43406710028648376,5e-05,0.0047687627,0.9996855854988098,0.031782407407407405,970,0.2,-0.005208221232449567,0.0015322502563638544,2.6209094524383545
2773,99,-19105.32469520202,8640.0,308,855360,-8.914911932768645,-0.453975111246109,5e-05,0.0039012202,0.9996865391731262,0.01712962962962963,980,0.2,-0.0034535496468069376,0.001377867395705026,2.649907350540161
2801,100,-19077.96453203,8640.0,308,864000,-8.93186929208261,-0.45063480734825134,5e-05,0.0045260675,0.9996595978736877,0.025810185185185186,990,0.2,-0.00557654253276134,0.0014099480301417687,2.6721949577331543
2830,101,-18993.235358930004,8640.0,308,872640,-8.948232207121672,-0.4452721178531647,5e-05,0.004126948,0.9996784329414368,0.017997685185185186,1000,0.2,-0.004511852038127405,0.0012193176552170405,2.7045421600341797
2858,102,-18905.44383247,8640.0,308,881280,-8.963762206324825,-0.46221816539764404,5e-05,0.004538592,0.999671995639801,0.032511574074074075,1010,0.2,-0.005071663953174182,0.0011458878767142003,2.7326598167419434
2887,103,-18807.504193250003,8640.0,308,889920,-8.972640154096815,-0.4595092236995697,5e-05,0.0040711304,0.999691367149353,0.022094907407407407,1020,0.2,-0.0041083739403014385,0.0010694561495135228,2.753814935684204
2916,104,-18694.15336882,8640.0,308,898560,-8.99006744949906,-0.4468885064125061,5e-05,0.0054234443,0.999675989151001,0.0340162037037037,1030,0.2,-0.005189267042679367,0.0011693552654253802,2.78865909576416
2944,105,-18572.085964179998,8640.0,308,907200,-9.016933304822004,-0.44727623462677,5e-05,0.004569642,0.9996863603591919,0.03059027777777778,1040,0.2,-0.005417681453335616,0.0013111589376866403,2.8208346366882324
2973,106,-18442.91289246,8640.0,308,915840,-9.041973682686134,-0.4516870081424713,5e-05,0.004631953,0.9997466206550598,0.02428240740740741,1050,0.2,-0.004708216329346653,0.000994066256033774,2.8503100872039795
3002,107,-18325.06552249,8640.0,307,924480,-9.070279756475378,-0.45080193877220154,5e-05,0.0047245324,0.99968022108078,0.025798611111111112,1060,0.2,-0.004063077205015967,0.001356291246764293,2.8915462493896484
3030,108,-18218.774983630003,8640.0,307,933120,-9.100954288906522,-0.4563484489917755,5e-05,0.0036348207,0.9997135400772095,0.017824074074074076,1070,0.2,-0.004131016473941229,0.0010785005183640384,2.9231300354003906
3060,109,-18114.28687599,8640.0,307,941760,-9.125404550764296,-0.47011226415634155,5e-05,0.0048713693,0.9996823072433472,0.026284722222222223,1080,0.2,-0.004131739530194965,0.0011648040555667614,2.9496476650238037
3089,110,-18021.188811400003,8640.0,307,950400,-9.150039321758129,-0.4666264057159424,5e-05,0.0037699328,0.9997080564498901,0.016863425925925928,1090,0.2,-0.004298933128377906,0.001002593203555551,2.9810128211975098
3118,111,-17940.852517180003,8640.0,307,959040,-9.17448843991315,-0.48551133275032043,5e-05,0.004863957,0.999708354473114,0.024224537037037037,1100,0.2,-0.0042567213338420345,0.0011424359188553085,3.019335985183716
3147,112,-17868.64278892,8640.0,307,967680,-9.203434351461905,-0.4826003611087799,5e-05,0.0050568706,0.9997243285179138,0.03613425925925926,1110,0.2,-0.004401892430183512,0.0009665210243029933,3.0493178367614746
3175,113,-17806.366452700004,8640.0,307,976320,-9.222529970098424,-0.4770648777484894,5e-05,0.004753783,0.9997254014015198,0.026018518518518517,1120,0.2,-0.005045496679980446,0.0010890377475880086,3.0795202255249023
3204,114,-17743.69055214,8640.0,307,984960,-9.235726011770742,-0.45454543828964233,5e-05,0.004805834,0.9997430443763733,0.03017361111111111,1130,0.2,-0.004891957012522552,0.0010086729900945944,3.1103968620300293
3232,115,-17682.77123803,8640.0,307,993600,-9.253098788791233,-0.4704354703426361,5e-05,0.004699456,0.9997215867042542,0.020439814814814813,1140,0.2,-0.005243075361337375,0.000935931223104018,3.1392502784729004
3261,116,-17629.247170839997,8640.0,307,1002240,-9.270603288721155,-0.46839433908462524,5e-05,0.0051124482,0.999739408493042,0.027916666666666666,1150,0.2,-0.005328949895963349,0.0008798665416004412,3.1693077087402344
3290,117,-17577.47642176,8640.0,307,1010880,-9.29198648099546,-0.47473669052124023,5e-05,0.0048449994,0.9996408820152283,0.026354166666666668,1160,0.2,-0.005157595304254857,0.001300647099269554,3.209150552749634
3319,118,-17532.3625655,8640.0,307,1019520,-9.314506008713334,-0.47886422276496887,5e-05,0.0045051672,0.9997009038925171,0.024108796296296295,1170,0.2,-0.004213529079117709,0.0009852952099862267,3.243224620819092
3348,119,-17487.405309280002,8640.0,307,1028160,-9.342763286873147,-0.4729742109775543,5e-05,0.004116373,0.999631941318512,0.02171296296296296,1180,0.2,-0.0032939987607231293,0.0010252091079234595,3.290853977203369
3376,120,-17435.33972849,8640.0,307,1036800,-9.375874212053088,-0.47641196846961975,5e-05,0.0046427287,0.9997172355651855,0.022847222222222224,1190,0.2,-0.004301275560735829,0.0010507573994928627,3.333336353302002
3405,121,-17387.814952520002,8640.0,306,1045440,-9.41072552645648,-0.4773769676685333,5e-05,0.005149074,0.9997410774230957,0.03409722222222222,1200,0.2,-0.005382532523255106,0.0009213693320095815,3.383105993270874
3434,122,-17352.18124242,8640.0,306,1054080,-9.449564861721463,-0.46059635281562805,5e-05,0.0046465695,0.999714732170105,0.03203703703703704,1210,0.2,-0.004624638573128592,0.0008893631940224656,3.430431604385376
3463,123,-17309.856775469998,8640.0,306,1062720,-9.486791349340368,-0.4888876974582672,5e-05,0.005165566,0.9995338320732117,0.03424768518518519,1220,0.2,-0.005365379013259102,0.0011080230242805555,3.475440502166748
3491,124,-17277.94353356,8640.0,306,1071360,-9.535309193929036,-0.4967532455921173,5e-05,0.005134299,0.9996684789657593,0.03415509259259259,1230,0.2,-0.00619950104608304,0.0008835857907413608,3.5350825786590576
3519,125,-17252.86959173,8640.0,306,1080000,-9.587811340049461,-0.49767449498176575,5e-05,0.004333347,0.9994379878044128,0.022233796296296297,1240,0.2,-0.003196166611655995,0.0010481527041971545,3.5930838584899902
3548,126,-17217.45826042,8640.0,306,1088640,-9.625016489382144,-0.4995139241218567,5e-05,0.0042579523,0.9995603561401367,0.024652777777777777,1250,0.2,-0.004219318258024201,0.0011007388254317145,3.629263401031494
3576,127,-17190.39817037,8640.0,306,1097280,-9.662744602627225,-0.48186132311820984,5e-05,0.00444469,0.9996482133865356,0.025231481481481483,1260,0.2,-0.003785640518353493,0.0010340365167940035,3.6867785453796387
3606,128,-17168.6575992,8640.0,306,1105920,-9.694609314247414,-0.4789692461490631,5e-05,0.0045065978,0.999596357345581,0.025300925925925925,1270,0.2,-0.005348413064386006,0.0009660622952247245,3.7245934009552
3635,129,-17139.814980170002,8640.0,306,1114560,-9.729867983217593,-0.5012862086296082,5e-05,0.004514962,0.9993667602539062,0.02824074074074074,1280,0.2,-0.004046371973775051,0.0013142149140670275,3.7837095260620117
3663,130,-17116.34114502,8640.0,306,1123200,-9.788992404937744,-0.4900372326374054,5e-05,0.005195544,0.9996244311332703,0.03532407407407408,1290,0.2,-0.0061122604998483975,0.0010840630337716666,3.8509602546691895
3692,131,-17089.4188504,8640.0,306,1131840,-9.850142332712808,-0.47152313590049744,5e-05,0.004541269,0.9995654821395874,0.02378472222222222,1300,0.2,-0.004226656895372327,0.0010693648652630617,3.9260599613189697
3721,132,-17059.39835772,8640.0,306,1140480,-9.890879065195719,-0.5281842350959778,5e-05,0.0048132846,0.9996443390846252,0.03528935185185185,1310,0.2,-0.0047318157339813535,0.0011087862875407424,3.9647293090820312
3750,133,-17031.55873924,8640.0,306,1149120,-9.914182383925827,-0.4961548447608948,5e-05,0.0030422334,0.9996849298477173,0.018958333333333334,1320,0.2,-0.0032926612530179596,0.0010259865743056354,4.0037617683410645
3779,134,-16997.76985837,8640.0,306,1157760,-9.940581506799768,-0.4986838102340698,5e-05,0.004000592,0.9996916651725769,0.02141203703703704,1330,0.2,-0.004564564573337083,0.0009081005575178467,4.055187225341797
3808,135,-16963.98949749,8640.0,306,1166400,-9.956633344579625,-0.4995908737182617,5e-05,0.004737507,0.999707818031311,0.026412037037037036,1340,0.2,-0.005424736606095124,0.0008679257153697243,4.086429595947266
3836,136,-16929.860461460004,8640.0,306,1175040,-9.97493525399102,-0.5045454502105713,5e-05,0.004745501,0.9997210502624512,0.03155092592592593,1350,0.2,-0.004924067362142658,0.0008734946840666924,4.128539562225342
3865,137,-16901.898890769997,8640.0,306,1183680,-10.001975806200946,-0.5065943598747253,5e-05,0.004562379,0.9997085332870483,0.02091435185185185,1360,0.2,-0.005443400333256081,0.0008739926910709107,4.181841850280762
3894,138,-16872.34226021,8640.0,306,1192320,-10.04556109181157,-0.5219995379447937,5e-05,0.0042868718,0.9997338652610779,0.023217592592592592,1370,0.2,-0.003454314350771407,0.000846040743118566,4.252462863922119
3923,139,-16846.874563499998,8640.0,306,1200960,-10.095101509094238,-0.5401826500892639,5e-05,0.0041419426,0.9997539520263672,0.021527777777777778,1380,0.2,-0.0031838720716122126,0.0008127330210818737,4.313593864440918
3953,140,-16818.53038648,8640.0,305,1209600,-10.14486535248933,-0.5180935263633728,5e-05,0.004558624,0.9997014403343201,0.023101851851851853,1390,0.2,-0.003239100298292383,0.0008768401486385199,4.3849592208862305
3982,141,-16793.98757153,8640.0,305,1218240,-10.195448851408782,-0.5190168023109436,5e-05,0.0037891993,0.9996856451034546,0.020925925925925924,1400,0.2,-0.003307488259376475,0.0009421036326912818,4.456954479217529
4010,142,-16769.09278118,8640.0,305,1226880,-10.249238544746682,-0.5331806540489197,5e-05,0.004241879,0.9996669292449951,0.024652777777777777,1410,0.2,-0.004049454012161328,0.0010007454872916074,4.538464546203613
4039,143,-16756.376341370004,8640.0,305,1235520,-10.295594223163747,-0.5323576927185059,5e-05,0.0042199064,0.9997286796569824,0.024444444444444446,1420,0.2,-0.00442001153887422,0.0010110989695251058,4.593835353851318
4067,144,-16729.01025852,8640.0,305,1244160,-10.335951682903149,-0.5370952486991882,5e-05,0.0048390166,0.9993879199028015,0.02971064814814815,1430,0.2,-0.0045117104784758,0.0015256737727947808,4.666354179382324
4095,145,-16712.197404040005,8640.0,305,1252800,-10.379378484796595,-0.5215647220611572,5e-05,0.004682947,0.9997068643569946,0.029189814814814814,1440,0.2,-0.004303270198266815,0.0010707165849291615,4.7340240478515625
4123,146,-16694.969244840006,8640.0,305,1261440,-10.421125196527552,-0.494051456451416,5e-05,0.0038447045,0.9996086359024048,0.016064814814814816,1450,0.2,-0.0028754265114871993,0.0009812633957524128,4.808330059051514
4151,147,-16673.941422320007,8640.0,305,1270080,-10.469453821535463,-0.5338988900184631,5e-05,0.0033928505,0.9996288418769836,0.015381944444444445,1460,0.2,-0.002534838391088501,0.0011050942430005375,4.890334606170654
4179,148,-16650.365324160004,8640.0,305,1278720,-10.513699401572898,-0.544369101524353,5e-05,0.0045492705,0.9997298717498779,0.026747685185185187,1470,0.2,-0.004667465501050982,0.000999628168776528,4.960563659667969
4208,149,-16630.625632830004,8640.0,305,1287360,-10.551742176479763,-0.5209553837776184,5e-05,0.0038987296,0.9997425079345703,0.024259259259259258,1480,0.2,-0.004217655794970967,0.0008794786638356056,5.033909320831299
4236,150,-16609.06817802,8640.0,305,1296000,-10.587692765129937,-0.5191361308097839,5e-05,0.004077271,0.999799907207489,0.021099537037037038,1490,0.2,-0.003904444720354621,0.0009022095595934877,5.097901344299316
4265,151,-16586.210675140002,8640.0,305,1304640,-10.622591662230315,-0.5500550270080566,5e-05,0.0037041253,0.9997400641441345,0.018680555555555554,1500,0.2,-0.0038073217334156787,0.0012290763770687152,5.166008949279785
4293,152,-16567.97813067,8640.0,305,1313280,-10.657568301448116,-0.5593640208244324,5e-05,0.0046392637,0.9997779726982117,0.0321875,1510,0.2,-0.005010065550708936,0.0009972907689882926,5.233736038208008
4321,153,-16549.40410408,8640.0,305,1321920,-10.697215336693658,-0.5474287867546082,5e-05,0.0049730656,0.9997992515563965,0.029652777777777778,1520,0.2,-0.005234586707040392,0.0009442074593648108,5.307024955749512
4350,154,-16531.2833876,8640.0,305,1330560,-10.733884415096707,-0.5470921993255615,5e-05,0.004200573,0.999809980392456,0.01888888888888889,1530,0.2,-0.004132456143421156,0.0010532268113672251,5.38642692565918
4378,155,-16510.103248000007,8640.0,305,1339200,-10.770987086825901,-0.5419641733169556,5e-05,0.0045886384,0.9998011589050293,0.026956018518518518,1540,0.2,-0.00457353149652826,0.001039137092388787,5.473968982696533
4406,156,-16491.115358720002,8640.0,305,1347840,-10.804737350322583,-0.5405784249305725,5e-05,0.004280167,0.9998120665550232,0.022453703703703705,1550,0.2,-0.004552485765199419,0.000917288975173573,5.544572830200195
4434,157,-16475.97843564,8640.0,305,1356480,-10.833015707510489,-0.5344387292861938,5e-05,0.0040877024,0.9997973442077637,0.020891203703703703,1560,0.2,-0.004454575138408001,0.0008831702312454581,5.602554798126221
4462,158,-16454.598391350002,8640.0,305,1365120,-10.855617858745434,-0.5537668466567993,5e-05,0.0035009927,0.9998117685317993,0.012662037037037038,1570,0.2,-0.0034282712638378145,0.0011549933108337292,5.653792381286621
4490,159,-16438.03357296,8640.0,305,1373760,-10.878214384714763,-0.5560576319694519,5e-05,0.0039962404,0.999781608581543,0.020185185185185184,1580,0.2,-0.004651746422190357,0.0012501853580707339,5.722247123718262
4518,160,-16421.785631960003,8640.0,305,1382400,-10.901259064850985,-0.5569646954536438,5e-05,0.004322463,0.9998197555541992,0.025902777777777778,1590,0.2,-0.004920741549382607,0.0006975300087274432,5.787337303161621
4547,161,-16402.302969900004,8640.0,305,1391040,-10.918500509615297,-0.5467557907104492,5e-05,0.003128809,0.999855637550354,0.014756944444444444,1600,0.2,-0.0036340311145478927,0.0009589443377357115,5.842566967010498
4575,162,-16384.64538717,8640.0,305,1399680,-10.935917734923185,-0.5403567552566528,5e-05,0.0029754157,0.99981689453125,0.012777777777777779,1610,0.2,-0.004259312661985556,0.0010458948114386725,5.903882026672363
4603,163,-16362.982815950001,8640.0,305,1408320,-10.96288492626614,-0.5719112157821655,5e-05,0.003793173,0.9998525977134705,0.027731481481481482,1620,0.2,-0.005264865326074263,0.0009068070794886875,6.00385856628418
4631,164,-16340.67046506,8640.0,305,1416960,-10.994960336331967,-0.5468169450759888,5e-05,0.0037998133,0.9998564124107361,0.01945601851851852,1630,0.2,-0.0038132543244433622,0.0009038237859796802,6.089061737060547
4659,165,-16320.999155660002,8640.0,305,1425600,-11.023247588828758,-0.553027331829071,5e-05,0.0037593096,0.9998558759689331,0.023460648148148147,1640,0.2,-0.004831075979638155,0.0007613285672764674,6.15949010848999
4688,166,-16299.761022339999,8640.0,305,1434240,-11.050755029607702,-0.5349673628807068,5e-05,0.0038451508,0.9998474717140198,0.022152777777777778,1650,0.2,-0.0040891547131145164,0.0010463796795509687,6.242191791534424
4716,167,-16282.89515859,8640.0,305,1442880,-11.083881197328921,-0.576965868473053,5e-05,0.0042863414,0.999869704246521,0.02953703703703704,1660,0.2,-0.004792551423629953,0.0008012823593000778,6.334442138671875
4745,168,-16259.948177339997,8640.0,305,1451520,-11.109380577228688,-0.543759286403656,5e-05,0.004339898,0.999895453453064,0.023599537037037037,1670,0.2,-0.005031342178203718,0.0006826563595138766,6.393701076507568
4773,169,-16239.574151330002,8640.0,305,1460160,-11.130313470628526,-0.5564797520637512,5e-05,0.003989088,0.9998781681060791,0.020520833333333332,1680,0.2,-0.0038742120977905063,0.0007256401528569835,6.482074737548828
4801,170,-16215.7640704,8640.0,305,1468800,-11.165328929335983,-0.5673773884773254,5e-05,0.004060718,0.9998605847358704,0.02158564814814815,1690,0.2,-0.0034997130275048593,0.0008985199871326418,6.575281620025635
4829,171,-16192.079634410004,8640.0,305,1477440,-11.196559898941604,-0.5300653576850891,5e-05,0.0028804638,0.9998308420181274,0.01369212962962963,1700,0.2,-0.0020211613369691705,0.0008569324364954675,6.6390533447265625
4857,172,-16167.920111200001,8640.0,305,1486080,-11.22717971165975,-0.5751559138298035,5e-05,0.0035294383,0.9998927712440491,0.01392361111111111,1710,0.2,-0.002991428730698923,0.0007371355970476374,6.706492900848389
4885,173,-16145.40591603,8640.0,305,1494720,-11.260270401283547,-0.5887373685836792,5e-05,0.004235001,0.9998782277107239,0.027916666666666666,1720,0.2,-0.0051769399484274566,0.0008777659677650296,6.831851005554199
4913,174,-16121.584668030004,8640.0,305,1503360,-11.294123299916585,-0.5538079142570496,5e-05,0.003496045,0.9998507499694824,0.02329861111111111,1730,0.2,-0.005256286514060641,0.0008747613189862696,6.890881538391113
4941,175,-16101.830684350003,8640.0,305,1512000,-11.325170710528338,-0.5607848167419434,5e-05,0.0030556212,0.9998705983161926,0.012361111111111111,1740,0.2,-0.0030744738531885323,0.000807861496815113,6.983060836791992
4969,176,-16076.801949720004,8640.0,305,1520640,-11.34788794906051,-0.5692062377929688,5e-05,0.0037466977,0.9998785257339478,0.016840277777777777,1750,0.2,-0.004328005524973075,0.0008169570873508713,7.037932872772217
4997,177,-16047.0225527,8640.0,306,1529280,-11.358558406123409,-0.5804550051689148,5e-05,0.0037863106,0.9999018907546997,0.022430555555555554,1760,0.2,-0.004992994460346246,0.0007785450522701635,7.0914130210876465
5025,178,-16016.612909980002,8640.0,306,1537920,-11.37071926964654,-0.5677211880683899,5e-05,0.0035595074,0.9999098181724548,0.01650462962962963,1770,0.2,-0.004491430554211278,0.0007842348711953188,7.173613548278809
5053,179,-15968.104080500001,8640.0,306,1546560,-11.389779303515398,-0.5753450989723206,5e-05,0.002991925,0.999912679195404,0.01974537037037037,1780,0.2,-0.00394566813742535,0.0006073386022493381,7.257080078125
5081,180,-15924.985077640002,8640.0,306,1555200,-11.415157924228245,-0.5880180597305298,5e-05,0.003764232,0.9999009370803833,0.022534722222222223,1790,0.2,-0.004961099980950907,0.0007947134725637389,7.363844871520996
5110,181,-15873.897112030001,8640.0,306,1563840,-11.439704655541314,-0.571246862411499,5e-05,0.0041896817,0.9998376369476318,0.03130787037037037,1800,0.2,-0.005108507419418958,0.0011063209957770865,7.45523738861084
5138,182,-15814.15280309,8640.0,306,1572480,-11.471027353074815,-0.5706532001495361,5e-05,0.0035547127,0.9998903870582581,0.0225,1810,0.2,-0.003679737204996248,0.0008189243404410297,7.5501227378845215
5165,183,-15769.75066266,8640.0,306,1581120,-11.502981191564489,-0.568371057510376,5e-05,0.0043651164,0.9998990893363953,0.026678240740740742,1820,0.2,-0.004740241345673524,0.0007597343136957433,7.660543441772461
5193,184,-15706.337443350001,8640.0,306,1589760,-11.547131285490813,-0.5871715545654297,5e-05,0.0039984607,0.9991973638534546,0.0234375,1830,0.2,-0.0030798168721850273,0.002363046060393875,7.791840553283691
5221,185,-15660.03442701,8640.0,306,1598400,-11.584177103395815,-0.5869132280349731,5e-05,0.00406115,0.9999030828475952,0.02568287037037037,1840,0.2,-0.005277270091076692,0.0005955745015806449,7.861749649047852
5249,186,-15597.588353149999,8640.0,306,1607040,-11.614403210392705,-0.6011487245559692,5e-05,0.004222129,0.9993707537651062,0.02556712962962963,1850,0.2,-0.0034021458129777954,0.0020317318067342664,7.974496841430664
5277,187,-15548.287036540001,8640.0,306,1615680,-11.65990954928928,-0.6083092093467712,5e-05,0.00453242,0.9998384714126587,0.02732638888888889,1860,0.2,-0.004208513205974466,0.0008215816155145014,8.068229675292969
5305,188,-15473.26857507,8640.0,306,1624320,-11.691219690817373,-0.5960197448730469,5e-05,0.004582978,0.9999067783355713,0.019560185185185184,1870,0.2,-0.004203558601266532,0.0006402772713530188,8.201504707336426
5333,189,-15422.036264060001,8640.0,306,1632960,-11.720021582002992,-0.591737687587738,5e-05,0.0043703155,0.9999114871025085,0.024722222222222222,1880,0.2,-0.004737645713612437,0.0006367073606708329,8.310340881347656
5361,190,-15383.843494480001,8640.0,306,1641600,-11.74646475120827,-0.5926960110664368,5e-05,0.0045314976,0.9999048113822937,0.026469907407407407,1890,0.2,-0.004677063094934932,0.0006841070344456023,8.437658309936523
5389,191,-15349.637179440002,8640.0,306,1650240,-11.780154823727077,-0.5986819267272949,5e-05,0.004133388,0.9998825192451477,0.02273148148148148,1900,0.2,-0.0035220486729371325,0.0007998810597928241,8.565289497375488
5417,192,-15317.42112458,8640.0,306,1658880,-11.813455898143626,-0.5921184420585632,5e-05,0.0038508112,0.9998927712440491,0.02414351851851852,1910,0.2,-0.004191166688343165,0.0007641862935809143,8.668801307678223
5445,193,-15291.021901989998,8640.0,306,1667520,-11.844299886491564,-0.6039107441902161,5e-05,0.0043534883,0.9997932314872742,0.02547453703703704,1920,0.2,-0.002969698706400339,0.0010958198411174602,8.767599105834961
5474,194,-15262.574018300002,8640.0,306,1676160,-11.884409658643934,-0.6121662259101868,5e-05,0.0038513197,0.9996315240859985,0.02326388888888889,1930,0.2,-0.0029367357521766315,0.0015337119137661325,8.877824783325195
5501,195,-15229.971995909998,8640.0,306,1684800,-11.93407098699499,-0.5946023464202881,5e-05,0.0034163105,0.9997351169586182,0.0203125,1940,0.2,-0.0043886061471507505,0.0010362424789194915,9.022265434265137
5529,196,-15200.729766679997,8640.0,306,1693440,-11.977352074517144,-0.6048794984817505,5e-05,0.0034000394,0.9998942613601685,0.01601851851851852,1950,0.2,-0.003235384513175598,0.0007394267866793261,9.131828308105469
5557,197,-15169.903391490001,8640.0,306,1702080,-12.005051084447791,-0.6314657330513,5e-05,0.005129558,0.9999155402183533,0.035138888888888886,1960,0.2,-0.0053145512631507935,0.0006117654029879271,9.2121000289917
5585,198,-15141.660978310001,8640.0,306,1710720,-12.038796549196597,-0.6316434144973755,5e-05,0.0047201635,0.9998882412910461,0.027118055555555555,1970,0.2,-0.005486471792338071,0.0006221924934113675,9.399044036865234
5613,199,-15115.226595549997,8640.0,306,1719360,-12.07678785889237,-0.6130586862564087,5e-05,0.002959956,0.9999004602432251,0.014421296296296297,1980,0.2,-0.0032481170202501948,0.0006628049564810849,9.532303810119629
5641,200,-15088.73029814,8640.0,306,1728000,-12.103415586683486,-0.6202581524848938,5e-05,0.0049828626,0.9998820424079895,0.027835648148148148,1990,0.2,-0.005081230429932475,0.0007782489518609105,9.623764038085938
5669,201,-15061.9238824,8640.0,306,1736640,-12.1262927253158,-0.6103206872940063,5e-05,0.004066983,0.9999131560325623,0.021122685185185185,2000,0.2,-0.003308449600547276,0.000504522170511471,9.753196716308594
5697,202,-15038.081500719998,8640.0,306,1745280,-12.168584905553747,-0.6296644806861877,5e-05,0.004050568,0.9999130964279175,0.027511574074074074,2010,0.2,-0.003277984730105985,0.0005329483757506952,9.906829833984375
5725,203,-15012.529688609999,8640.0,306,1753920,-12.214305801391601,-0.60722416639328,5e-05,0.0053908196,0.9999161958694458,0.0419212962962963,2020,0.2,-0.005200587404132993,0.0005447269469948002,10.04929256439209
5753,204,-14992.439253199997,8640.0,306,1762560,-12.241757488957157,-0.6244457364082336,5e-05,0.0033088985,0.9999168515205383,0.014247685185185184,2030,0.2,-0.0030355009605625163,0.0004484047220817215,10.15911865234375
5781,205,-14971.663395349995,8640.0,306,1771200,-12.265165135418927,-0.6115599870681763,5e-05,0.0029312086,0.9998877644538879,0.01292824074074074,2040,0.2,-0.0027204297324297604,0.0005812698311314711,10.278735160827637
5810,206,-14948.59942069,8640.0,306,1779840,-12.295794449558965,-0.5918227434158325,5e-05,0.0039034393,0.9998812675476074,0.024826388888888887,2050,0.2,-0.0040628336287207075,0.0005280926369596273,10.367384910583496
5838,207,-14929.29682011,8640.0,306,1788480,-12.325837491353353,-0.6130648255348206,5e-05,0.004262317,0.9998931288719177,0.03275462962962963,2060,0.2,-0.004519185521294949,0.0005457997522683366,10.477513313293457
5865,208,-14905.17365515,8640.0,306,1797120,-12.356863140530056,-0.6065781116485596,5e-05,0.0035606388,0.9998850226402283,0.01920138888888889,2070,0.2,-0.003347412658234437,0.00051304859483261,10.628028869628906
5893,209,-14885.83151712,8640.0,306,1805760,-12.392518401675755,-0.6338762640953064,5e-05,0.0036639182,0.999912440776825,0.01664351851851852,2080,0.2,-0.0030481235482902437,0.0005953837383788562,10.771384239196777
5921,210,-14866.075747140001,8640.0,306,1814400,-12.422216606846563,-0.6344351768493652,5e-05,0.0028745185,0.9999101161956787,0.015578703703703704,2090,0.2,-0.00274128550870551,0.0004892026642402117,10.89246654510498
5949,211,-14845.79852036,8640.0,306,1823040,-12.454732082508228,-0.635482907295227,5e-05,0.003769947,0.9999069571495056,0.025787037037037035,2100,0.2,-0.003319131380326494,0.0004505665388273041,11.035284042358398
5976,212,-14824.407794489998,8640.0,306,1831680,-12.487980269679317,-0.6027262806892395,5e-05,0.004427276,0.9999068379402161,0.028356481481481483,2110,0.2,-0.0035758087352884037,0.000574693347195905,11.16019058227539
6004,213,-14804.14005337,8640.0,306,1840320,-12.520702613547996,-0.6528906226158142,5e-05,0.0038429773,0.9999055862426758,0.02020833333333333,2120,0.2,-0.0036656424322131054,0.0005333672208319143,11.296509742736816
6032,214,-14785.21407014,8640.0,306,1848960,-12.55420915886208,-0.6322116255760193,5e-05,0.003288344,0.9999008178710938,0.01576388888888889,2130,0.2,-0.0035722120419248112,0.0005127064265522036,11.470622062683105
6060,215,-14768.11054386,8640.0,306,1857600,-12.586644865671794,-0.6225028038024902,5e-05,0.004860545,0.9999182820320129,0.0303125,2140,0.2,-0.0045577490666053365,0.0005193315582733636,11.634753227233887
6088,216,-14745.84417013,8640.0,306,1866240,-12.612996083718759,-0.6110848188400269,5e-05,0.003992865,0.9998908042907715,0.02238425925925926,2150,0.2,-0.004550456802567674,0.00048390432185476165,11.784703254699707
6116,217,-14729.42914136,8640.0,306,1874880,-12.637483800958703,-0.6325737237930298,5e-05,0.0038359978,0.9999140501022339,0.02388888888888889,2160,0.2,-0.0039567570100296975,0.0005013399601685469,11.951048851013184
6144,218,-14709.147424479997,8640.0,306,1883520,-12.673056370770489,-0.6417378783226013,5e-05,0.0038542545,0.9999027252197266,0.01642361111111111,2170,0.2,-0.0032163467177155395,0.0006491696935888656,12.138936042785645
6171,219,-14691.678755549998,8640.0,306,1892160,-12.70754763144034,-0.6385559439659119,5e-05,0.004320636,0.9999127388000488,0.021203703703703704,2180,0.2,-0.00482992197352427,0.00041651383695554814,12.305387496948242
6199,220,-14675.052319359997,8640.0,306,1900800,-12.736765549977621,-0.6456588506698608,5e-05,0.0033735458,0.9999155402183533,0.012164351851851852,2190,0.2,-0.003027837832837745,0.0004864149101087134,12.441615104675293
6227,221,-14660.255238499994,8640.0,306,1909440,-12.770770553306297,-0.6538834571838379,5e-05,0.0037840155,0.9999136924743652,0.024618055555555556,2200,0.2,-0.0041070748600005,0.0004786995624696525,12.572382926940918
6255,222,-14638.346641179998,8640.0,306,1918080,-12.805794477815981,-0.6723368167877197,5e-05,0.003097305,0.9998984336853027,0.020243055555555556,2210,0.2,-0.005111828343080426,0.000533265861277296,12.720040321350098
6283,223,-14619.00257243,8640.0,306,1926720,-12.84238219579061,-0.6425213813781738,5e-05,0.003119318,0.9999046325683594,0.02020833333333333,2220,0.2,-0.003391964205333756,0.000525869310561878,12.868501663208008
6311,224,-14594.94789469,8640.0,306,1935360,-12.8789932152077,-0.6410027146339417,5e-05,0.0032697937,0.9999297857284546,0.017824074074074076,2230,0.2,-0.003109207552667983,0.0006033647962181863,13.004669189453125
6339,225,-14572.712602610001,8640.0,306,1944000,-12.908257373527244,-0.6390351057052612,5e-05,0.003015373,0.9999125003814697,0.015185185185185185,2240,0.2,-0.003827734213943283,0.0005186313910396873,13.128188133239746
6367,226,-14564.930709900002,8640.0,306,1952640,-12.945181757609049,-0.6555944085121155,5e-05,0.0036472052,0.9999023675918579,0.018506944444444444,2250,0.2,-0.0038454208371263964,0.0005348804963998393,13.338890075683594
6394,227,-14550.728683290003,8640.0,306,1961280,-12.997613295095938,-0.6607553958892822,5e-05,0.0037962922,0.9995691180229187,0.022835648148148147,2260,0.2,-0.004240794439144708,0.001452279759881397,13.540742874145508
6422,228,-14538.008762759999,8640.0,306,1969920,-13.049468335752135,-0.6435259580612183,5e-05,0.0035254797,0.9998399615287781,0.023460648148148147,2270,0.2,-0.004360515347043811,0.0007713350776531216,13.720256805419922
6450,229,-14525.277346209998,8640.0,306,1978560,-13.103698794047038,-0.6292659640312195,5e-05,0.0040550963,0.9995391964912415,0.029097222222222222,2280,0.2,-0.0049773342888457354,0.0010168821558451141,13.9552640914917
6478,230,-14503.54071754,8640.0,306,1987200,-13.166450361322473,-0.6646314859390259,5e-05,0.005235817,0.9997949600219727,0.0356712962962963,2290,0.2,-0.0037545992243448617,0.0007603538918300291,14.232656478881836
6506,231,-14501.29917148,8640.0,306,1995840,-13.213092494540744,-0.6756056547164917,5e-05,0.0033158537,0.9999219179153442,0.012835648148148148,2300,0.2,-0.0029587790449322375,0.000493677550920337,14.445564270019531
6533,232,-14504.218490159998,8640.0,306,2004480,-13.257870014331958,-0.65888512134552,5e-05,0.0033300773,0.9994779229164124,0.02130787037037037,2310,0.2,-0.00407640869177326,0.001247201989581636,14.679424285888672
6561,233,-14495.51374181,8640.0,306,2013120,-13.3265064324273,-0.6778337359428406,5e-05,0.0042359857,0.9993456602096558,0.027685185185185184,2320,0.2,-0.004092802961046497,0.0018023523607903539,14.968401908874512
6589,234,-14499.632252409998,8640.0,306,2021760,-13.382494508248788,-0.6726377010345459,5e-05,0.0034682415,0.9998787045478821,0.022476851851851852,2330,0.2,-0.003662999936689933,0.0006620525423635694,15.106188774108887
6617,235,-14500.84873975,8640.0,306,2030400,-13.433818410944056,-0.7000584006309509,5e-05,0.004320956,0.9996281266212463,0.02621527777777778,2340,0.2,-0.0036438017097060326,0.0010205619275587162,15.39840030670166
6646,236,-14499.37276907,8640.0,306,2039040,-13.499781444690846,-0.66929692029953,5e-05,0.0042976714,0.9996755123138428,0.030081018518518517,2350,0.2,-0.006188567408222568,0.0009767519057667987,15.660930633544922
6674,237,-14495.95775352,8640.0,306,2047680,-13.5580331103007,-0.6850118041038513,5e-05,0.0035777541,0.9998204112052917,0.024965277777777777,2360,0.2,-0.0051356738362530316,0.0007402247762204044,15.921493530273438
6701,238,-14532.77515963,8640.0,306,2056320,-13.611250575736717,-0.6851633191108704,5e-05,0.00347777,0.9997966885566711,0.016516203703703703,2370,0.2,-0.003175186406200131,0.0008651259306309469,16.17240333557129
6729,239,-14550.82095,8640.0,306,2064960,-13.672508233388266,-0.7007867693901062,5e-05,0.004101619,0.9979159235954285,0.02741898148148148,2380,0.2,-0.0044322530840765,0.002693028145348998,16.445194244384766
6757,240,-14561.822663820001,8640.0,306,2073600,-13.751839909730133,-0.6951976418495178,5e-05,0.004839168,0.9991471171379089,0.03690972222222222,2390,0.2,-0.005828880176672505,0.001672568578419655,16.75901222229004
6785,241,-14570.737477800003,8640.0,306,2082240,-13.813055576041894,-0.6517783403396606,5e-05,0.0037142097,0.9995554685592651,0.019363425925925926,2400,0.2,-0.004362864945152843,0.0015304464795109299,16.963552474975586
6813,242,-14579.108129880002,8640.0,306,2090880,-13.87739018758138,-0.6816169619560242,5e-05,0.003943846,0.9996057748794556,0.023113425925925926,2410,0.2,-0.003253346469287795,0.0013962570207702273,17.34942054748535
6841,243,-14590.757809370001,8640.0,306,2099520,-13.940792571173773,-0.6915832757949829,5e-05,0.0033686887,0.9996396899223328,0.021030092592592593,2420,0.2,-0.0046553959273215794,0.0010457371145538572,17.620784759521484
6869,244,-14606.200443000002,8640.0,306,2108160,-14.00293388084129,-0.7015888690948486,5e-05,0.004279342,0.9993128180503845,0.027997685185185184,2430,0.2,-0.0052434450470738945,0.001759220395254454,17.917917251586914
6897,245,-14611.33648148,8640.0,306,2116800,-14.066756644072356,-0.7235473394393921,5e-05,0.0043253317,0.9996363520622253,0.026226851851851852,2440,0.2,-0.004483758162327663,0.0013181689253758157,18.16407012939453
6925,246,-14608.775744670002,8640.0,306,2125440,-14.118909938247116,-0.7226817607879639,5e-05,0.0033551524,0.9994970560073853,0.01875,2450,0.2,-0.004154078780363004,0.0012398866189350546,18.411720275878906
6953,247,-14621.298904889998,8640.0,306,2134080,-14.17313349476567,-0.7304518818855286,5e-05,0.0040416284,0.999642550945282,0.02021990740740741,2460,0.2,-0.0034325789040195996,0.0013309219489693297,18.69991111755371
6981,248,-14654.1725391,8640.0,306,2142720,-14.218316024497703,-0.7334898710250854,5e-05,0.0033484094,0.9995966553688049,0.019872685185185184,2470,0.2,-0.0039468190600854105,0.0013026831694878639,18.87784194946289
7010,249,-14674.745018110001,8640.0,306,2151360,-14.268816520549633,-0.72294682264328,5e-05,0.0041978974,0.9989150166511536,0.025520833333333333,2480,0.2,-0.004939111616910884,0.002269403490074048,19.185346603393555
7038,250,-14683.492897600001,8640.0,306,2160000,-14.330035945044623,-0.7216165661811829,5e-05,0.0038304674,0.9996366500854492,0.021921296296296296,2490,0.2,-0.004881866882658667,0.00139864172829591,19.53310775756836
7066,251,-14690.426612479998,8640.0,306,2168640,-14.37445283677843,-0.7301203012466431,5e-05,0.0030278817,0.9997763633728027,0.016412037037037037,2500,0.2,-0.00403411832327644,0.001043723651522736,19.81829261779785
7093,252,-14704.071397579999,8640.0,306,2177280,-14.419065956539578,-0.7472410798072815,5e-05,0.0031097338,0.9997137188911438,0.01375,2510,0.2,-0.004219713293671332,0.0009930399960743402,20.20516586303711
7121,253,-14723.24395854,8640.0,306,2185920,-14.464750596505624,-0.7444285750389099,5e-05,0.0042400514,0.9998076558113098,0.029583333333333333,2520,0.2,-0.004861374179211756,0.0011947267986963399,20.480466842651367
7149,254,-14728.16209172,8640.0,306,2194560,-14.50905102553191,-0.7200204133987427,5e-05,0.0046457094,0.9997043609619141,0.03045138888888889,2530,0.2,-0.006713725559378939,0.0011298117593482688,20.85357666015625
7177,255,-14734.39098202,8640.0,306,2203200,-14.558751589457193,-0.7296006679534912,5e-05,0.0036264763,0.9998143911361694,0.017361111111111112,2540,0.2,-0.003939778212009481,0.0008919505567367499,21.244840621948242
7205,256,-14745.67207862,8640.0,306,2211840,-14.599609278926144,-0.7226864099502563,5e-05,0.003261572,0.9998183250427246,0.018472222222222223,2550,0.2,-0.0036126996038688556,0.0008902662531343392,21.534122467041016
7232,257,-14759.638017190002,8640.0,306,2220480,-14.632963829746952,-0.7492678761482239,5e-05,0.0028092316,0.9998039603233337,0.012210648148148148,2560,0.2,-0.0031230437278713065,0.0011530407235517892,21.840486526489258
7261,258,-14769.520894970003,8640.0,306,2229120,-14.67421072712651,-0.7486902475357056,5e-05,0.0035402884,0.9998030662536621,0.020416666666666666,2570,0.2,-0.004336218281079911,0.0010952846303849515,22.180208206176758
7289,259,-14786.19106156,8640.0,307,2237760,-14.702364219382957,-0.7388259768486023,5e-05,0.002755521,0.9998177289962769,0.014722222222222222,2580,0.2,-0.0035855862065390857,0.0008902664757894214,22.350324630737305
7317,260,-14794.99745827,8640.0,307,2246400,-14.725192712854456,-0.7477352023124695,5e-05,0.0036179195,0.9997778534889221,0.02101851851851852,2590,0.2,-0.0050172424964882705,0.0009908120257616111,22.661191940307617
7345,261,-14803.488172060002,8640.0,307,2255040,-14.75591875853362,-0.7506799101829529,5e-05,0.003225238,0.999815821647644,0.01712962962962963,2600,0.2,-0.002916618822556403,0.0007907606326733475,22.974884033203125
7373,262,-14810.8682618,8640.0,307,2263680,-14.78982738353588,-0.7449913620948792,5e-05,0.0030816325,0.9998251795768738,0.015023148148148148,2610,0.2,-0.0028827943209627713,0.0007646554269767539,23.27663230895996
7403,263,-14836.24455715,8640.0,306,2272320,-14.825047877982811,-0.7527716755867004,5e-05,0.0036198795,0.9998425245285034,0.02122685185185185,2620,0.2,-0.003179588426525394,0.0007280102498932845,23.604928970336914
7430,264,-14847.304737220002,8640.0,306,2280960,-14.86281978253965,-0.7513100504875183,5e-05,0.0030834062,0.999769926071167,0.014664351851851852,2630,0.2,-0.0045049539446416825,0.0009786582512660298,23.95879554748535
7458,265,-14856.0885283,8640.0,306,2289600,-14.897188777217158,-0.7559208273887634,5e-05,0.0031059985,0.9998353719711304,0.012407407407407407,2640,0.2,-0.003378527626498706,0.0006195604441368401,24.298486709594727
7489,266,-14868.569155420002,8640.0,306,2298240,-14.935261041146738,-0.736584484577179,5e-05,0.0034564221,0.9998358488082886,0.019363425925925926,2650,0.2,-0.003092635731143808,0.0010027546887889642,24.65804100036621
7517,267,-14878.708152090001,8640.0,306,2306880,-14.96850917533592,-0.7641197443008423,5e-05,0.0029517007,0.9998183846473694,0.011909722222222223,2660,0.2,-0.0030581094875190133,0.000751160264696443,24.99720573425293
7545,268,-14898.355568760006,8640.0,306,2315520,-14.992751353228535,-0.7425442934036255,5e-05,0.002591309,0.9998549818992615,0.014155092592592592,2670,0.2,-0.003580955593432817,0.0007668516574280889,25.242534637451172
7572,269,-14914.240424110005,8640.0,306,2324160,-15.025421881499113,-0.7729544043540955,5e-05,0.00335434,0.9997866153717041,0.015833333333333335,2680,0.2,-0.0034806258376273843,0.0009272584889334178,25.60202980041504
7600,270,-14926.791299300003,8640.0,306,2332800,-15.07235592453568,-0.7465258240699768,5e-05,0.003588918,0.9998316168785095,0.022569444444444444,2690,0.2,-0.005057750010552506,0.0007463118886031832,26.126741409301758
7627,271,-14945.34874547,8640.0,306,2341440,-15.115501830489547,-0.7572141885757446,5e-05,0.0029061309,0.9998370409011841,0.017233796296296296,2700,0.2,-0.00265524557446716,0.0005012052309164709,26.467838287353516
7655,272,-14958.23098752,8640.0,306,2350080,-15.152617640318693,-0.7801390886306763,5e-05,0.0036248893,0.9998457431793213,0.019166666666666665,2710,0.2,-0.003971516859062292,0.0006644274366812573,26.86463165283203
7683,273,-14966.864310990002,8640.0,306,2358720,-15.190210018864384,-0.7320551872253418,5e-05,0.0033279594,0.9998592734336853,0.015231481481481481,2720,0.2,-0.002977657353815933,0.0005681313797012317,27.19723129272461
7710,274,-14983.010167450004,8640.0,307,2367360,-15.220890526241726,-0.772550642490387,5e-05,0.0018370801,0.999710738658905,0.005439814814814815,2730,0.2,-0.002176409927541735,0.0006966513320070657,27.57518768310547
7739,275,-15002.20331312,8640.0,307,2376000,-15.256074532402886,-0.7772750854492188,5e-05,0.0037102187,0.9998561143875122,0.02547453703703704,2740,0.2,-0.0034304718490414045,0.0006276649930859329,28.04865837097168
7766,276,-15019.78184116,8640.0,307,2384640,-15.29189833747016,-0.7560610771179199,5e-05,0.0037764153,0.9998642802238464,0.01599537037037037,2750,0.2,-0.002705134418361855,0.0007327539649257367,28.352405548095703
7794,277,-15044.774854309999,8640.0,307,2393280,-15.329492418501113,-0.7664163708686829,5e-05,0.0032528648,0.9998483061790466,0.016400462962962964,2760,0.2,-0.0020443060945857456,0.0006317777634076601,28.835132598876953
7822,278,-15064.733768570002,8640.0,307,2401920,-15.372550344820375,-0.7727283239364624,5e-05,0.0026848216,0.9997490048408508,0.011805555555555555,2770,0.2,-0.0027854838848320974,0.0008292563526494498,29.208515167236328
7849,279,-15089.893909990004,8640.0,307,2410560,-15.411342834190085,-0.782362699508667,5e-05,0.003712738,0.9998477697372437,0.02017361111111111,2780,0.2,-0.003919668504623351,0.0008968673760709526,29.714202880859375
7876,280,-15106.021661120001,8640.0,307,2419200,-15.455559275591815,-0.800274670124054,5e-05,0.004033082,0.9997556209564209,0.022893518518518518,2790,0.2,-0.0030766938205946375,0.0011111904126247046,30.189237594604492
7904,281,-15129.27868365,8640.0,307,2427840,-15.507295246124267,-0.7789573669433594,5e-05,0.003126872,0.9998537302017212,0.019166666666666665,2800,0.2,-0.0032853488634443945,0.0007971842494077498,30.681718826293945
7931,282,-15153.93404498,8640.0,307,2436480,-15.552747433980306,-0.7624098062515259,5e-05,0.0039790315,0.9998496770858765,0.024733796296296295,2810,0.2,-0.004474644352923389,0.0007693289273366746,31.062271118164062
7958,283,-15164.77012532,8640.0,307,2445120,-15.588762083406802,-0.7846527099609375,5e-05,0.0022959462,0.9998511075973511,0.014050925925925927,2820,0.2,-0.0017566880668272024,0.0008904455334198212,31.4601993560791
7985,284,-15187.372381449999,8640.0,307,2453760,-15.631988600978145,-0.8040266036987305,5e-05,0.0043244706,0.9998432993888855,0.028900462962962965,2830,0.2,-0.00562528975514902,0.0006893136885655285,32.038848876953125
8013,285,-15199.912748,8640.0,307,2462400,-15.681310785081651,-0.7741808891296387,5e-05,0.003488053,0.9998738765716553,0.022546296296296297,2840,0.2,-0.0030216662865132095,0.0006908214832785436,32.57258987426758
8040,286,-15261.002960449998,8640.0,307,2471040,-15.72485195018627,-0.7660302519798279,5e-05,0.004125725,0.9998638033866882,0.026678240740740742,2850,0.2,-0.0037367392757355613,0.0006652437599324103,33.07848358154297
8068,287,-15285.10857446,8640.0,307,2479680,-15.767816403706869,-0.7791266441345215,5e-05,0.0033163442,0.9981551170349121,0.02153935185185185,2860,0.2,-0.003916007798354797,0.004100054282591575,33.44251251220703
8096,288,-15307.477264950001,8640.0,307,2488320,-15.82062434302436,-0.7952965497970581,5e-05,0.0045207767,0.9998323917388916,0.03471064814814815,2870,0.2,-0.003923081366724714,0.0007317951486739158,33.877708435058594
8123,289,-15329.81906459,8640.0,307,2496960,-15.866164195449263,-0.7866578102111816,5e-05,0.0023608522,0.9998109340667725,0.015520833333333333,2880,0.2,-0.0037811841387991553,0.0009797386183291329,34.31437301635742
8151,290,-15354.571539959996,8640.0,307,2505600,-15.909233695136177,-0.8089122772216797,5e-05,0.0026478462,0.9998281598091125,0.009085648148148148,2890,0.2,-0.002472496454914411,0.0009060686853653924,34.82954406738281
8179,291,-15379.488390999999,8640.0,307,2514240,-15.93652146657308,-0.8095845580101013,5e-05,0.0027750998,0.9998806715011597,0.013449074074074073,2900,0.2,-0.0023993504338000937,0.0007761225658813836,35.1879768371582
8206,292,-15394.74476098,8640.0,307,2522880,-15.966301432009097,-0.812248945236206,5e-05,0.0027408835,0.9998942613601685,0.011446759259259259,2910,0.2,-0.00296775224963548,0.0006747690458023161,35.853919982910156
8234,293,-15411.13434475,8640.0,307,2531520,-16.00116401531078,-0.8224399089813232,5e-05,0.002685779,0.9998165369033813,0.014004629629629629,2920,0.2,-0.003426695935928297,0.0007625737808067007,36.46912384033203
8262,294,-15422.147092770001,8640.0,307,2540160,-16.029412711814597,-0.8128317594528198,5e-05,0.0031072758,0.9997796416282654,0.014189814814814815,2930,0.2,-0.003545928750342379,0.0010261379062042881,36.79195785522461
8289,295,-15440.430112810001,8640.0,307,2548800,-16.05545491395173,-0.790631115436554,5e-05,0.0035653235,0.9998152852058411,0.024699074074074075,2940,0.2,-0.004911966096023443,0.0008072151709779132,37.34247589111328
8317,296,-15452.582529049998,8640.0,307,2557440,-16.094502211676705,-0.8181809186935425,5e-05,0.0037192844,0.9998415112495422,0.01880787037037037,2950,0.2,-0.003480583091042246,0.0008930443530833279,38.062156677246094
8345,297,-15470.939849119999,8640.0,307,2566080,-16.12641350781476,-0.7988904714584351,5e-05,0.0031756414,0.9998343586921692,0.017708333333333333,2960,0.2,-0.0037869060703518767,0.0007940165623073914,38.482582092285156
8372,298,-15490.864347739996,8640.0,307,2574720,-16.155547646416558,-0.7933792471885681,5e-05,0.003233258,0.9998811483383179,0.01579861111111111,2970,0.2,-0.003039519634373762,0.0007264056793388187,38.96023178100586
8401,299,-15513.73293162,8640.0,307,2583360,-16.189466674239547,-0.819329023361206,5e-05,0.0030795834,0.9998943209648132,0.008923611111111111,2980,0.2,-0.0029866809881706207,0.0006297819521838661,39.564971923828125
8428,300,-15540.957075299997,8640.0,307,2592000,-16.223521270751952,-0.8266518712043762,5e-05,0.0032784913,0.9998618364334106,0.019814814814814816,2990,0.2,-0.00268407530668709,0.000782069300206516,40.09737777709961
8456,301,-15570.36642738,8640.0,307,2600640,-16.26542089815493,-0.818102240562439,5e-05,0.0034166195,0.9998459815979004,0.01480324074074074,3000,0.2,-0.002639514236641979,0.0008568967885717198,40.835426330566406
8484,302,-15594.636278720001,8640.0,307,2609280,-16.311072140446417,-0.8245237469673157,5e-05,0.0032143604,0.9997611045837402,0.01653935185185185,3010,0.2,-0.002858920775664349,0.0010648921523156954,41.41314697265625
8512,303,-15625.996039030002,8640.0,307,2617920,-16.35015815593578,-0.8380258083343506,5e-05,0.0034245637,0.9998636841773987,0.013819444444444445,3020,0.2,-0.0023886773328262345,0.000720908742686906,41.96556854248047
8539,304,-15653.29558591,8640.0,307,2626560,-16.389424750716596,-0.8196638822555542,5e-05,0.0027324923,0.9997535943984985,0.017743055555555557,3030,0.2,-0.003439422538245304,0.001139350260771742,42.464683532714844
8567,305,-15684.08626315,8640.0,307,2635200,-16.429893177173756,-0.8242853879928589,5e-05,0.002390361,0.9997849464416504,0.012685185185185185,3040,0.2,-0.0018738797574338539,0.0011483297132912815,42.9644660949707
8595,306,-15717.806639059996,8640.0,307,2643840,-16.47595859668873,-0.8346238136291504,5e-05,0.0030045402,0.9998248815536499,0.014143518518518519,3050,0.2,-0.001984532598268103,0.0008830216728771726,43.73735809326172
8623,307,-15743.359738719999,8640.0,307,2652480,-16.53291340439408,-0.809270977973938,5e-05,0.0038854203,0.9997550249099731,0.021296296296296296,3060,0.2,-0.004124362282282501,0.0010956999223627564,44.49233627319336
8650,308,-15770.30193694,8640.0,307,2661120,-16.582316010086625,-0.8698846101760864,5e-05,0.0043246974,0.9998907446861267,0.03396990740740741,3070,0.2,-0.004586143221757892,0.0008208471820560387,45.19028091430664
8678,309,-15800.21488038,8640.0,307,2669760,-16.618200136820477,-0.8449242115020752,5e-05,0.0030748022,0.9999008178710938,0.014861111111111111,3080,0.2,-0.0022225642994184187,0.0009356910386769515,45.83032989501953
8706,310,-15844.86063188,8640.0,307,2678400,-16.66218928725631,-0.8224102854728699,5e-05,0.0038715547,0.9998052716255188,0.02515046296296296,3090,0.2,-0.0033858534828242327,0.0011245239555352816,46.48278045654297
8734,311,-15871.046474660001,8640.0,307,2687040,-16.7215510530825,-0.8408559560775757,5e-05,0.0037772704,0.9995129704475403,0.025208333333333333,3100,0.2,-0.0036927030292443104,0.0013810234751845537,47.341796875
8762,312,-15907.403439489999,8640.0,307,2695680,-16.765015029907225,-0.8392783403396606,5e-05,0.0028568516,0.9998917579650879,0.01601851851851852,3110,0.2,-0.0038163741957396267,0.0008114181190979219,47.93348693847656
8789,313,-15936.617474170002,8640.0,307,2704320,-16.80459886904116,-0.837921142578125,5e-05,0.0032836604,0.9997644424438477,0.01607638888888889,3120,0.2,-0.002730138789931381,0.0010353921532751647,48.82967758178711
8817,314,-15967.003152100002,8640.0,307,2712960,-16.85292640686035,-0.8400976061820984,5e-05,0.0037336862,0.9998972415924072,0.020902777777777777,3130,0.2,-0.0040434797458281675,0.0007369099063928136,49.68476867675781
8844,315,-16005.665405100002,8640.0,307,2721600,-16.882864519755046,-0.8326176404953003,5e-05,0.0039721513,0.9998528957366943,0.020694444444444446,3140,0.2,-0.004332015722369154,0.0009649826066689221,50.397926330566406
8872,316,-16030.132968780003,8640.0,307,2730240,-16.926048770480687,-0.8540471792221069,5e-05,0.0033350417,0.9997223019599915,0.01761574074074074,3150,0.2,-0.0022088861156737915,0.0009215088618953747,51.30339050292969
8900,317,-16069.007312460004,8640.0,307,2738880,-16.97304402951841,-0.8342791795730591,5e-05,0.0027791043,0.9998095631599426,0.010185185185185186,3160,0.2,-0.0028792398938633224,0.0009836507889364535,52.11905288696289
8928,318,-16137.558678490002,8640.0,307,2747520,-17.021046139752425,-0.8483669757843018,5e-05,0.0031422998,0.9996830224990845,0.012511574074074074,3170,0.2,-0.002400700491335657,0.001215425013926708,53.07813262939453
8956,319,-16172.397047110002,8640.0,307,2756160,-17.079953238875778,-0.862581729888916,5e-05,0.0034847113,0.9986258745193481,0.02070601851851852,3180,0.2,-0.0026087920034856154,0.0024362179072556535,53.89777755737305
8983,320,-16221.28237586,8640.0,307,2764800,-17.13290557720043,-0.8523463010787964,5e-05,0.0035593268,0.9997262954711914,0.024247685185185185,3190,0.2,-0.003320884292565838,0.0014010964019042958,54.623382568359375
9012,321,-16297.920828790002,8640.0,307,2773440,-17.191504269352667,-0.8459038138389587,5e-05,0.0028604164,0.9995936751365662,0.017025462962962964,3200,0.2,-0.0021945483644527416,0.0012601964873977488,55.64378356933594
9040,322,-16331.417251,8640.0,307,2782080,-17.255023090221265,-0.8667890429496765,5e-05,0.0032079802,0.9988588094711304,0.015694444444444445,3210,0.2,-0.0022541026583079386,0.0030974670319335053,56.3876953125
9067,323,-16366.845211979999,8640.0,307,2790720,-17.30496676692256,-0.8654587268829346,5e-05,0.004168382,0.9997687935829163,0.029872685185185186,3220,0.2,-0.004260480780050986,0.0014497011793665243,57.25009536743164
9095,324,-16416.78833859,8640.0,307,2799360,-17.339997565658003,-0.8767203688621521,5e-05,0.0031461844,0.9998342394828796,0.01025462962962963,3230,0.2,-0.0029899598328672625,0.0010839501704968926,58.24116516113281
9123,325,-16456.70720786,8640.0,307,2808000,-17.388296948185673,-0.8804185390472412,5e-05,0.003224294,0.9994776844978333,0.018275462962962962,3240,0.2,-0.003134165696316847,0.001419946214774865,59.40739059448242
9151,326,-16477.65384879,8640.0,307,2816640,-17.45104953624584,-0.8814918994903564,5e-05,0.003315197,0.9997590780258179,0.01625,3250,0.2,-0.0035862106238319365,0.001185948838678154,60.694766998291016
9178,327,-16516.70433856,8640.0,307,2825280,-17.49961296222828,-0.8614892959594727,5e-05,0.0031600664,0.9998368620872498,0.01673611111111111,3260,0.2,-0.003703699083481398,0.0010525099337057866,61.750362396240234
9206,328,-16538.28384375,8640.0,307,2833920,-17.54456827799479,-0.8795274496078491,5e-05,0.003028238,0.9997145533561707,0.017905092592592594,3270,0.2,-0.002582527686652072,0.0011706053892029794,62.70166015625
9234,329,-16566.106000969998,8640.0,307,2842560,-17.583715354071725,-0.8945831656455994,5e-05,0.0038283658,0.9998139142990112,0.01733796296296296,3280,0.2,-0.003955286727286875,0.0010157980338489222,63.521724700927734
9261,330,-16602.62109613,8640.0,307,2851200,-17.616937794155543,-0.8731156587600708,5e-05,0.003030033,0.9998303651809692,0.013622685185185186,3290,0.2,-0.0035237204380919812,0.0011804181010315747,64.54962921142578
9289,331,-16627.842500079994,8640.0,307,2859840,-17.655226652357314,-0.9052881002426147,5e-05,0.0030100143,0.9998259544372559,0.018680555555555554,3300,0.2,-0.003919234849616057,0.0009986089917839746,65.47236633300781
9317,332,-16643.178735089998,8640.0,307,2868480,-17.702773345664696,-0.8833646178245544,5e-05,0.0035807872,0.9997047781944275,0.020405092592592593,3310,0.2,-0.004296801487949711,0.0012748495347935844,66.67335510253906
9345,333,-16671.140763239997,8640.0,307,2877120,-17.748121734901712,-0.8865460157394409,5e-05,0.0037791464,0.9998289942741394,0.025046296296296296,3320,0.2,-0.004552971842802233,0.0012190324114420004,67.91340637207031
9372,334,-16683.31708559,8640.0,307,2885760,-17.786401986016166,-0.8754833340644836,5e-05,0.0035368686,0.9997848272323608,0.016296296296296295,3330,0.2,-0.0031994189965297228,0.001183972017369578,68.70061492919922
9400,335,-16694.90150336,8640.0,307,2894400,-17.827762195445874,-0.8862148523330688,5e-05,0.0036825915,0.999828577041626,0.020891203703703703,3340,0.2,-0.0034085492832862116,0.0013177343560770774,69.98198699951172
9427,336,-16717.96749354,8640.0,307,2903040,-17.86643676475242,-0.8959563374519348,5e-05,0.0022872076,0.9997645020484924,0.012025462962962963,3350,0.2,-0.002153359114502867,0.0011719725215462622,71.05418395996094
9455,337,-16738.87914462,8640.0,307,2911680,-17.908386041146738,-0.9026842713356018,5e-05,0.0036546397,0.9998291730880737,0.019930555555555556,3360,0.2,-0.0034504527829725433,0.001180579628476321,72.42478942871094
9483,338,-16716.92995615,8640.0,307,2920320,-17.947078675164118,-0.8827351927757263,5e-05,0.0025231082,0.9998303651809692,0.00886574074074074,3370,0.2,-0.002585394088075393,0.0012302522746095847,73.2379150390625
9511,339,-16711.95783051,8640.0,307,2928960,-17.97342114766439,-0.9119646549224854,5e-05,0.002241848,0.9997437596321106,0.009618055555555555,3380,0.2,-0.0021227711182156645,0.0013145418545334703,74.48003387451172
9538,340,-16713.909950120003,8640.0,307,2937600,-17.994273832815665,-0.9081865549087524,5e-05,0.003335297,0.9998531937599182,0.014583333333333334,3390,0.2,-0.00410588136408478,0.0012411466385970858,75.25471496582031
9566,341,-16704.269148450003,8640.0,307,2946240,-18.018874193827312,-0.9046241641044617,5e-05,0.0025749386,0.9998010993003845,0.010347222222222223,3400,0.2,-0.003704325195953802,0.0013935229256835386,76.29109954833984
9594,342,-16714.899013560003,8640.0,307,2954880,-18.049247279696996,-0.9073984026908875,5e-05,0.0015076532,0.9996185898780823,0.0042592592592592595,3410,0.2,-0.0021654862246510607,0.0012650845040722439,77.45291137695312
9622,343,-16701.635728390003,8640.0,307,2963520,-18.086256507590964,-0.8929025530815125,5e-05,0.0025073353,0.9998459219932556,0.013425925925925926,3420,0.2,-0.0028686031240418002,0.0013717735664599954,78.3414077758789
9649,344,-16710.578803120003,8640.0,307,2972160,-18.12119162382903,-0.9003573060035706,5e-05,0.0036550818,0.999862790107727,0.023217592592592592,3430,0.2,-0.0038768324576732185,0.0010953614589137336,79.40211486816406
9677,345,-16711.423020920003,8640.0,308,2980800,-18.155648901197644,-0.9132401347160339,5e-05,0.0036741213,0.9997557997703552,0.026689814814814816,3440,0.2,-0.002881199234786133,0.0009282596503962176,80.57748413085938
9705,346,-16733.893461120002,8640.0,308,2989440,-18.19038161666305,-0.9334034323692322,5e-05,0.0037323758,0.9998765587806702,0.030104166666666668,3450,0.2,-0.00437831853085232,0.001055175106330016,81.7693862915039
9732,347,-16728.625645109998,8640.0,308,2998080,-18.230714939258718,-0.9268684983253479,5e-05,0.003796841,0.9997208714485168,0.025034722222222222,3460,0.2,-0.0036408010263133932,0.0011846238056077035,83.13327026367188
9760,348,-16732.32859297,8640.0,308,3006720,-18.273118798997668,-0.9194617867469788,5e-05,0.0027041396,0.9998919367790222,0.011030092592592593,3470,0.2,-0.0024466853297350033,0.0008728106937336701,84.3476333618164
9788,349,-16730.47569712,8640.0,308,3015360,-18.32388358504684,-0.9192628860473633,5e-05,0.0031745408,0.9994847774505615,0.02189814814814815,3480,0.2,-0.0020552655957915165,0.001615134698308625,85.78620910644531
9816,350,-16738.27844391,8640.0,308,3024000,-18.37756988807961,-0.9285624623298645,5e-05,0.0022124355,0.9998424649238586,0.009097222222222222,3490,0.2,-0.002642551280592603,0.0013540095425883514,87.40044403076172
9844,351,-16760.16291631,8640.0,308,3032640,-18.409266172338416,-0.9214990735054016,5e-05,0.0032613263,0.9998691082000732,0.01758101851851852,3500,0.2,-0.0044821610168933315,0.0011211051904225584,88.24320983886719
9872,352,-16779.25919969,8640.0,308,3041280,-18.452444352044,-0.9386588931083679,5e-05,0.0031234787,0.9995959401130676,0.015046296296296295,3510,0.2,-0.0033591966103348465,0.0012337399752707118,89.81092834472656
9900,353,-16774.46956311,8640.0,308,3049920,-18.515718869809753,-0.9488639831542969,5e-05,0.004136065,0.9995184540748596,0.02704861111111111,3520,0.2,-0.0029008862476244015,0.0016890855497870318,91.43017578125
9928,354,-16797.27803863,8640.0,308,3058560,-18.557100007798937,-0.93621426820755,5e-05,0.003117179,0.999879002571106,0.01765046296296296,3530,0.2,-0.0036299281044759684,0.001123933998967038,92.5148696899414
9955,355,-16812.69914934,8640.0,308,3067200,-18.597607937565556,-0.9282042384147644,5e-05,0.0039500925,0.9997135400772095,0.027905092592592592,3540,0.2,-0.0045919088396692165,0.0014681837383950889,94.31758117675781
9983,356,-16821.43958077,8640.0,308,3075840,-18.656204753451878,-0.9365262389183044,5e-05,0.0032612206,0.9998468160629272,0.02167824074074074,3550,0.2,-0.003764468226581812,0.0011293690540629473,96.23485565185547
10011,357,-16829.285969419998,8640.0,308,3084480,-18.705336466188783,-0.9326063394546509,5e-05,0.0037681959,0.999876081943512,0.02380787037037037,3560,0.2,-0.004165435715026602,0.0012303568539640832,97.87844848632812
10039,358,-16845.96864536,8640.0,308,3093120,-18.746097713046602,-0.934866189956665,5e-05,0.0030738427,0.9998689889907837,0.012986111111111111,3570,0.2,-0.0037739746854640543,0.0012218289548332837,99.66883087158203
10067,359,-16855.51290511,8640.0,308,3101760,-18.786908812346283,-0.9488281011581421,5e-05,0.0023115529,0.9998672008514404,0.010243055555555556,3580,0.2,-0.0024902795202581696,0.0008923420192096037,101.3159408569336
10095,360,-16878.65032053,8640.0,308,3110400,-18.82759443777579,-0.9347535371780396,5e-05,0.002920449,0.9998709559440613,0.018506944444444444,3590,0.2,-0.002969586004641045,0.0011678235992763398,102.5438461303711
10122,361,-16895.017061339997,8640.0,308,3119040,-18.862709986368817,-0.9325376749038696,5e-05,0.0034357256,0.9998589754104614,0.01837962962962963,3600,0.2,-0.002459298294830929,0.001002983822858099,103.9856948852539
10150,362,-16910.64844284,8640.0,308,3127680,-18.88683050367567,-0.9434148669242859,5e-05,0.0031509704,0.9999174475669861,0.018831018518518518,3610,0.2,-0.004304822069868722,0.0009077892090728575,105.02400207519531
10178,363,-16915.605164599998,8640.0,308,3136320,-18.912877917819554,-0.9538407921791077,5e-05,0.0028021024,0.9998342394828796,0.011840277777777778,3620,0.2,-0.003175865561287436,0.0012993693349589767,106.80790710449219
10206,364,-16939.07831174,8640.0,308,3144960,-18.959263057002314,-0.955700159072876,5e-05,0.0040829307,0.9998056888580322,0.025590277777777778,3630,0.2,-0.004247580501854558,0.0016169375820620055,109.10270690917969
10233,365,-16953.796197509997,8640.0,308,3153600,-18.99900235352693,-0.9306334853172302,5e-05,0.0030002557,0.9998480081558228,0.018506944444444444,3640,0.2,-0.0026070651465475007,0.0011734822527634807,110.28438568115234
10261,366,-16981.20044401,8640.0,308,3162240,-19.026490190294055,-0.9425787329673767,5e-05,0.0030069754,0.999893844127655,0.016377314814814813,3650,0.2,-0.002901946766026042,0.0009067323000851536,111.57936096191406
10288,367,-17006.031684899997,8640.0,308,3170880,-19.07130858103434,-0.9738178253173828,5e-05,0.0036516495,0.9997122287750244,0.02568287037037037,3660,0.2,-0.00371755832116361,0.001340685062847721,113.48594665527344
10316,368,-17025.17499733,8640.0,308,3179520,-19.12266219668918,-0.9709368944168091,5e-05,0.003089925,0.9998554587364197,0.014340277777777778,3670,0.2,-0.003003513699449185,0.0011401587817386758,115.40367126464844
10344,369,-17093.24763248,8640.0,308,3188160,-19.163381203545466,-0.9648880958557129,5e-05,0.003415895,0.999756932258606,0.026354166666666668,3680,0.2,-0.004254670455292971,0.0013075350880346916,116.87268829345703
10372,370,-17122.662079669997,8640.0,308,3196800,-19.214659360249836,-0.9588366746902466,5e-05,0.0044352273,0.9989467859268188,0.02466435185185185,3690,0.2,-0.003389133187010884,0.004749667126926835,118.86322784423828
10399,371,-17137.22643679,8640.0,308,3205440,-19.266062267444752,-0.9786274433135986,5e-05,0.003161385,0.9998102188110352,0.020069444444444445,3700,0.2,-0.002505620264241265,0.0012770261053703035,120.57150268554688
10426,372,-17170.15756964,8640.0,308,3214080,-19.311507600854945,-0.9641133546829224,5e-05,0.0036154878,0.9998316764831543,0.015023148148148148,3710,0.2,-0.0038211667461803666,0.001234583402250859,123.07013702392578
10454,373,-17197.46625413,8640.0,308,3222720,-19.361364268550165,-0.9517534971237183,5e-05,0.003222919,0.9996934533119202,0.016631944444444446,3720,0.2,-0.00338635144651764,0.0013616885156025765,124.86223602294922
10482,374,-17216.719772539996,8640.0,308,3231360,-19.401653717888728,-1.003695011138916,5e-05,0.0036875824,0.9998711943626404,0.019895833333333335,3730,0.2,-0.0033242727919585175,0.0011991429478749288,126.62550354003906
10510,375,-17240.98251311,8640.0,308,3240000,-19.44529312275074,-0.9834685325622559,5e-05,0.0042993035,0.9998553991317749,0.029108796296296296,3740,0.2,-0.004312203512871983,0.0009955513107383416,128.79502868652344
10538,376,-17262.19357593,8640.0,308,3248640,-19.496949195861816,-0.9882054328918457,5e-05,0.0034768197,0.9998551607131958,0.026585648148148146,3750,0.2,-0.0037467747562806362,0.0011662904697004705,131.52537536621094
10566,377,-17332.65461708,8640.0,308,3257280,-19.545063538727938,-0.9930565357208252,5e-05,0.0030931544,0.9998049139976501,0.0140625,3760,0.2,-0.002753877218088342,0.0013249882049556753,134.1741485595703
10594,378,-17360.98973612,8640.0,308,3265920,-19.607089651602287,-0.9938312768936157,5e-05,0.0040978664,0.998761773109436,0.027905092592592592,3770,0.2,-0.005043892960788475,0.003234671467949671,136.559814453125
10621,379,-17385.38850044,8640.0,308,3274560,-19.673010224236382,-0.9699801802635193,5e-05,0.0026336017,0.999775767326355,0.012488425925925925,3780,0.2,-0.0020847910730582143,0.0013250824246184762,138.7674102783203
10649,380,-17452.59607918,8640.0,308,3283200,-19.733704063980667,-1.0054256916046143,5e-05,0.0028353033,0.9997819066047668,0.012881944444444444,3790,0.2,-0.0021475493554370824,0.001290109054814955,141.6454315185547
10677,381,-17484.635197079995,8640.0,308,3291840,-19.793148851747866,-0.9986379742622375,5e-05,0.0028239351,0.9992514252662659,0.015625,3800,0.2,-0.0021693564947970487,0.00275593605983347,143.72169494628906
10705,382,-17519.827614539998,8640.0,308,3300480,-19.833924138104475,-1.0074459314346313,5e-05,0.0034878722,0.9998318552970886,0.01693287037037037,3810,0.2,-0.003620033769230186,0.0011761835782090203,145.45111083984375
10733,383,-17568.62602792,8640.0,308,3309120,-19.885269542270237,-0.973587155342102,5e-05,0.0033083425,0.9996606707572937,0.022314814814814815,3820,0.2,-0.003460451398148305,0.0017023677957520166,148.2788543701172
10760,384,-17584.519232759998,8640.0,308,3317760,-19.947180756462945,-1.0188370943069458,5e-05,0.0040994566,0.9994947910308838,0.028587962962962964,3830,0.2,-0.004417341127991676,0.0021772326535924717,150.7643585205078
10788,385,-17601.550062799997,8640.0,308,3326400,-19.991434586136428,-0.9947904944419861,5e-05,0.0025263156,0.9996853470802307,0.010474537037037037,3840,0.2,-0.0035895017249923614,0.0015891416648109616,153.6865234375
10816,386,-17588.36472758,8640.0,308,3335040,-20.02564232720269,-1.0231695175170898,5e-05,0.0038261015,0.9998589158058167,0.03149305555555556,3850,0.2,-0.00461096906206674,0.0010912467297425287,156.5529327392578
10844,387,-17656.210945199997,8640.0,308,3343680,-20.056007136592157,-1.0085713863372803,5e-05,0.0026435736,0.9998463988304138,0.014375,3860,0.2,-0.002771108627008895,0.0011193005862878635,158.50897216796875
10872,388,-17686.939298729998,8640.0,308,3352320,-20.105603896247015,-0.9864320755004883,5e-05,0.004399751,0.999405562877655,0.027627314814814816,3870,0.2,-0.0037441631435865055,0.002263527973899963,161.38558959960938
10899,389,-17735.2399693,8640.0,308,3360960,-20.168329128689237,-1.011553168296814,5e-05,0.0031218529,0.9998528957366943,0.01726851851851852,3880,0.2,-0.002448381791063757,0.0011789946568508943,164.47860717773438
10927,390,-17798.67319483,8640.0,308,3369600,-20.219676457157842,-1.025156021118164,5e-05,0.0029967206,0.9995574355125427,0.016215277777777776,3890,0.2,-0.0025361365983607594,0.0022315874346963095,167.4539794921875
10955,391,-17841.88985161,8640.0,308,3378240,-20.279627118993687,-1.0165191888809204,5e-05,0.0039533162,0.9994672536849976,0.023333333333333334,3900,0.2,-0.003328767581325438,0.002615154943152986,170.6953125
10982,392,-17889.80560131,8640.0,308,3386880,-20.342145449320476,-1.0219895839691162,5e-05,0.0031292823,0.9996224045753479,0.019085648148148147,3910,0.2,-0.002300020660687652,0.0015395896642089442,174.07693481445312
11010,393,-17935.23881758,8640.0,308,3395520,-20.39294996190954,-1.027329683303833,5e-05,0.0028000996,0.9997941851615906,0.01659722222222222,3920,0.2,-0.0026353970754684672,0.001542669725043837,177.1367645263672
11038,394,-18018.9702903,8640.0,308,3404160,-20.448341236820927,-1.0407918691635132,5e-05,0.0031370795,0.9995582699775696,0.020636574074074075,3930,0.2,-0.0027375789845569265,0.0015615946937059225,180.10787963867188
11066,395,-18071.037547490003,8640.0,308,3412800,-20.50549488350197,-1.0187610387802124,5e-05,0.0036240185,0.9993844628334045,0.022164351851851852,3940,0.2,-0.0030691026039076624,0.004485700571633599,182.96185302734375
11094,396,-18145.426273470002,8640.0,308,3421440,-20.553551189281322,-1.0334200859069824,5e-05,0.0034547134,0.9997244477272034,0.01693287037037037,3950,0.2,-0.0033506454146225695,0.001868046987241272,185.97311401367188
11121,397,-18208.162814350002,8640.0,308,3430080,-20.592484215630424,-1.0446077585220337,5e-05,0.003269495,0.9996320605278015,0.027685185185185184,3960,0.2,-0.0038971772810651195,0.001953241667770608,188.5136260986328
11149,398,-18254.959915260002,8640.0,308,3438720,-20.635742451703106,-1.0311630964279175,5e-05,0.0036814434,0.9996957778930664,0.022141203703703705,3970,0.2,-0.002121733215258077,0.0017824216865227316,190.70529174804688
11177,399,-18312.87287342,8640.0,308,3447360,-20.679263913189924,-1.0388691425323486,5e-05,0.0025739558,0.9997201561927795,0.016979166666666667,3980,0.2,-0.002701994025458892,0.0015585903713427897,193.69122314453125
11204,400,-18351.96986246,8640.0,308,3456000,-20.72264523824056,-1.0165339708328247,5e-05,0.003111933,0.9997067451477051,0.0196875,3990,0.2,-0.002758558697791563,0.0016779591870942601,197.02301025390625
