time/total_timesteps,time/time_elapsed,time/iterations,time/fps,rollout/ep_len_mean,rollout/ep_rew_mean,train/loss,train/explained_variance,train/clip_range,train/policy_gradient_loss,train/learning_rate,train/n_updates,train/value_loss,train/std,train/clip_fraction,train/approx_kl,train/entropy_loss
8640,30,1,281,7560.0,-10862.246145,,,,,,,,,,,
17280,63,2,272,7560.0,-12646.6603555,-0.2808157801628113,0.5471489429473877,0.2,-0.005882414912770468,5e-05,10,0.16318497593066206,1.0169755220413208,0.04128472222222222,0.0073596695,-5.7130923242922185
25920,97,3,266,7560.0,-10741.057182,-0.3122829496860504,0.9053901433944702,0.2,-0.004671088795488079,5e-05,20,0.009520082541362003,1.0335100889205933,0.04446759259259259,0.0065815942,-5.777656708470097
34560,129,4,266,7560.0,-9650.695213250001,-0.27689269185066223,0.9621285200119019,0.2,-0.009835505312205188,5e-05,30,0.002596408435859269,1.0462554693222046,0.09008101851851852,0.008665063,-5.834171453758523
43200,162,5,265,7560.0,-13097.6469768,-0.30842408537864685,0.9489058256149292,0.2,-0.004636482253532719,5e-05,40,0.008070816126203648,1.064352035522461,0.04086805555555555,0.005908092,-5.892541776939675
51840,205,6,252,7560.0,-13620.950877666668,-0.3200198709964752,0.9621098041534424,0.2,-0.003638336874579114,5e-05,50,0.005570573908345843,1.080221176147461,0.02386574074074074,0.004936299,-5.957210842768351
60480,245,7,246,7560.0,-12445.66239775,-0.2980760931968689,0.9942556023597717,0.2,-0.00504850798053667,5e-05,60,0.0009954791804301312,1.0988271236419678,0.03935185185185185,0.006009071,-6.019916785204852
69120,284,8,242,7560.0,-11802.194605777777,-0.3079060912132263,0.9791902899742126,0.2,-0.0028945044854103968,5e-05,70,0.003406153547349041,1.1249594688415527,0.029583333333333333,0.0058295256,-6.100532997625845
77760,322,9,241,7560.0,-16022.444399,-0.3164774477481842,0.992010235786438,0.2,-0.0033789639890676845,5e-05,80,0.0016829993137960427,1.1501017808914185,0.029363425925925925,0.005228229,-6.194154277730871
86400,361,10,238,7560.0,-15257.994102636363,-0.3239234983921051,0.9523815512657166,0.2,-0.0026633859506842716,5e-05,90,0.008115259629450049,1.1707850694656372,0.035104166666666665,0.0054421406,-6.2730045555256035
95040,400,11,237,7560.0,-18578.385124333334,-0.31947603821754456,0.9901703000068665,0.2,-0.002380576980886636,5e-05,100,0.00293925764948923,1.193591833114624,0.017847222222222223,0.004110341,-6.347090714066117
103680,433,12,239,7560.0,-17762.76674423077,-0.3280467092990875,0.9888908267021179,0.2,-0.003974073770352536,5e-05,110,0.003146297972588972,1.2141287326812744,0.03642361111111111,0.005298558,-6.419452480033592
112320,466,13,240,7560.0,-17161.042347785715,-0.3192613124847412,0.996624231338501,0.2,-0.005125195995594065,5e-05,120,0.0008614988544636786,1.235134243965149,0.03662037037037037,0.006058887,-6.488509774384675
120960,502,14,240,7560.0,-19557.050294875,-0.30893585085868835,0.9849500060081482,0.2,-0.0035509758849662765,5e-05,130,0.0035425716809307536,1.2592439651489258,0.033275462962962965,0.0058552776,-6.561319261480261
129600,536,15,241,7560.0,-19534.817858764705,-0.32351091504096985,0.9929046034812927,0.2,-0.003658252034543289,5e-05,140,0.002846006426218621,1.2867861986160278,0.025671296296296296,0.005194875,-6.643406257982607
138240,569,16,242,7560.0,-19387.47400172222,-0.32924917340278625,0.9952571988105774,0.2,-0.0030294845508480515,5e-05,150,0.001822645461652428,1.305343508720398,0.021354166666666667,0.00422216,-6.713166485185976
146880,603,17,243,7560.0,-18704.762847421054,-0.3560705780982971,0.996626079082489,0.2,-0.003612603349438696,5e-05,160,0.0015098860394856374,1.3274765014648438,0.028530092592592593,0.0049161674,-6.776659483733001
155520,636,18,244,7560.0,-18252.31421,-0.33812907338142395,0.9972670674324036,0.2,-0.007125370663211302,5e-05,170,0.0006260969160077232,1.3431155681610107,0.07380787037037037,0.0074059777,-6.8350376863832825
164160,673,19,243,7560.0,-17675.62579747619,-0.33416610956192017,0.9969223737716675,0.2,-0.0022197975634804202,5e-05,180,0.0009878425278239539,1.3684881925582886,0.014340277777777778,0.003718702,-6.894173734452989
172800,712,20,242,7560.0,-17793.89851190909,-0.33966487646102905,0.9970589876174927,0.2,-0.004499745555566969,5e-05,190,0.0007583461232328167,1.3939927816390991,0.026747685185185187,0.004855006,-6.969047773855704
181440,754,21,240,7560.0,-17442.005380041664,-0.37389734387397766,0.9962486624717712,0.2,-0.005097678316136201,5e-05,200,0.0017713194546565688,1.4207983016967773,0.02824074074074074,0.004296032,-7.043146041587547
190080,793,22,239,7560.0,-17116.502210079998,-0.35711848735809326,0.9954979419708252,0.2,-0.004288271402043325,5e-05,210,0.002085710585427781,1.4444396495819092,0.030300925925925926,0.004899297,-7.1149030879691795
198720,830,23,239,7560.0,-16891.17265661538,-0.37720829248428345,0.99400395154953,0.2,-0.0049933053941155475,5e-05,220,0.001473022804474803,1.466132402420044,0.05165509259259259,0.006913474,-7.177425816853841
207360,863,24,240,7560.0,-16712.223976592588,-0.38430917263031006,0.9971064329147339,0.2,-0.004836478031033443,5e-05,230,0.0015399901081669938,1.4939442873001099,0.029386574074074075,0.0053557334,-7.24538123484011
216000,898,25,240,7560.0,-16539.24402078571,-0.41586601734161377,0.9977455735206604,0.2,-0.005444425826167895,5e-05,240,0.0015297294853694945,1.525485873222351,0.03340277777777778,0.0057395254,-7.324691797185827
224640,934,26,240,7560.0,-16208.893473827584,-0.40974318981170654,0.9985799789428711,0.2,-0.006469865067068625,5e-05,250,0.0009575404604267398,1.5503253936767578,0.041944444444444444,0.0060338145,-7.399354115238896
233280,967,27,241,7560.0,-16065.16107563333,-0.38456952571868896,0.9980854988098145,0.2,-0.003285663221721296,5e-05,260,0.0011391729206769487,1.5795199871063232,0.02375,0.004972372,-7.468146140133893
241920,1003,28,241,7560.0,-15837.422354125,-0.3871038556098938,0.996507465839386,0.2,-0.0036840174886984406,5e-05,270,0.0009847947333171895,1.6097882986068726,0.025972222222222223,0.0051275226,-7.543989962471856
250560,1036,29,241,7560.0,-15721.214736787877,-0.3728220760822296,0.9969218373298645,0.2,-0.004019457676827356,5e-05,280,0.0010867825352707532,1.6354081630706787,0.031516203703703706,0.0049775504,-7.6115989946436
259200,1069,30,242,7560.0,-15863.764703911764,-0.3907849192619324,0.9965852499008179,0.2,-0.0032779245578718405,5e-05,290,0.001804652888957342,1.6693642139434814,0.018645833333333334,0.003851706,-7.6847266504499645
267840,1104,31,242,7560.0,-15646.722345371429,-0.4033545255661011,0.99625563621521,0.2,-0.003395256415112979,5e-05,300,0.0016540813452081272,1.7059193849563599,0.0225,0.0045530503,-7.770574919382731
276480,1139,32,242,7560.0,-15777.343937527776,-0.40720534324645996,0.9974365234375,0.2,-0.003590875151912095,5e-05,310,0.002109072894608188,1.7401055097579956,0.019780092592592592,0.004112235,-7.852788179892081
285120,1174,33,242,7560.0,-15632.203391324323,-0.3893454968929291,0.9979757070541382,0.2,-0.0033628796636023454,5e-05,320,0.0013649632973182532,1.769033670425415,0.023773148148148147,0.004518231,-7.925815886391534
293760,1207,34,243,7560.0,-15434.798609157893,-0.40702560544013977,0.9993988871574402,0.2,-0.00350576578501474,5e-05,330,0.00046811566694587885,1.78997004032135,0.027546296296296298,0.0049308008,-7.983652193281386
302400,1245,35,242,7560.0,-15073.2021948,-0.41692841053009033,0.9988154172897339,0.2,-0.002435728430368558,5e-05,340,0.0005888737056132717,1.8221490383148193,0.015821759259259258,0.0036329383,-8.043737510398582
311040,1280,36,242,7560.0,-15075.13519392683,-0.41656234860420227,0.9990924000740051,0.2,-0.002599822450429201,5e-05,350,0.00043921690737112873,1.8541299104690552,0.019178240740740742,0.00392695,-8.112372330559625
319680,1315,37,242,7560.0,-14909.841093928573,-0.3724234402179718,0.997321367263794,0.2,-0.0037315211396802355,5e-05,360,0.0012831943218717006,1.8882557153701782,0.024340277777777777,0.005047123,-8.182533524831136
328320,1349,38,243,7560.0,-14735.249534325581,-0.4155117869377136,0.999118983745575,0.2,-0.0028388953239967428,5e-05,370,0.0003493027961101486,1.9212088584899902,0.023738425925925927,0.0045620007,-8.255557147132025
336960,1383,39,243,7560.0,-14795.916765727272,-0.41527944803237915,0.9978657364845276,0.2,-0.0032498448664598444,5e-05,380,0.0015579418156347754,1.9609346389770508,0.014710648148148148,0.0038312743,-8.329089180981672
345600,1417,40,243,7560.0,-14634.432288844444,-0.4400964677333832,0.9992857575416565,0.2,-0.002962755729375338,5e-05,390,0.000553127093223372,1.9929649829864502,0.01965277777777778,0.0039843363,-8.40236544503106
354240,1452,41,243,7560.0,-14644.882007652172,-0.4388011395931244,0.9985063672065735,0.2,-0.0037823871193729615,5e-05,400,0.001497675182979071,2.0232925415039062,0.02851851851851852,0.0050695417,-8.46459203225595
362880,1489,42,243,7560.0,-14596.060545437498,-0.43064266443252563,0.9990692734718323,0.2,-0.0037511648242879243,5e-05,410,0.0003542291662220291,2.0554943084716797,0.02605324074074074,0.0050986935,-8.528170125042951
371520,1523,43,243,7560.0,-14844.758448163264,-0.43508395552635193,0.9969974756240845,0.2,-0.004977531516752033,5e-05,420,0.0027627660915755703,2.0947558879852295,0.03190972222222222,0.0056379642,-8.596117283150003
380160,1556,44,244,7560.0,-14830.940488059998,-0.4606919586658478,0.996601402759552,0.2,-0.005889541811689183,5e-05,430,0.0025944390776998327,2.1362180709838867,0.03539351851851852,0.004657287,-8.67419112805967
388800,1591,45,244,7560.0,-14823.37639660784,-0.44030195474624634,0.9985467791557312,0.2,-0.004404105663782468,5e-05,440,0.0018180809402622766,2.172009229660034,0.027743055555555556,0.005308744,-8.745796802662037
397440,1624,46,244,7560.0,-14810.31414155769,-0.4772159457206726,0.998505175113678,0.2,-0.00418811594636214,5e-05,450,0.0017446393601130694,2.222201347351074,0.03217592592592593,0.005699104,-8.825165729522706
406080,1659,47,244,7560.0,-14815.265840849055,-0.44431158900260925,0.9989510178565979,0.2,-0.003953037313185632,5e-05,460,0.002279482126123858,2.2652504444122314,0.03607638888888889,0.0055279606,-8.908175635161223
414720,1694,48,244,7560.0,-14858.802214759258,-0.4569947123527527,0.9975321292877197,0.2,-0.003950522903663416,5e-05,470,0.0030419148189119167,2.306387424468994,0.023506944444444445,0.0047602635,-8.982169839364511
423360,1732,49,244,7560.0,-14799.087358660714,-0.45024627447128296,0.9973511099815369,0.2,-0.0036077382798410124,5e-05,480,0.003480293983248649,2.3422954082489014,0.022824074074074073,0.004398741,-9.049044823823152
432000,1766,50,244,7560.0,-14718.60837542105,-0.4579217731952667,0.9989216923713684,0.2,-0.005115810680134153,5e-05,490,0.0016999288826439255,2.379843235015869,0.038703703703703705,0.006307126,-9.112602513631185
440640,1800,51,244,7560.0,-14617.08048377586,-0.45998212695121765,0.9945101737976074,0.2,-0.005435571101735587,5e-05,500,0.004404876682286461,2.4149465560913086,0.04078703703703704,0.0063986117,-9.174237529613354
449280,1835,52,244,7560.0,-14500.773591237286,-0.4808289706707001,0.9971281290054321,0.2,-0.006247301262768882,5e-05,510,0.0034446281147258425,2.4546217918395996,0.04357638888888889,0.0062825144,-9.23704900317722
457920,1870,53,244,7560.0,-14392.329433883333,-0.4717111587524414,0.9965983629226685,0.2,-0.0065758570619962285,5e-05,520,0.00305905017704289,2.496530055999756,0.06150462962962963,0.0066477624,-9.303529702645761
466560,1904,54,244,7560.0,-14289.424824229509,-0.4671698212623596,0.9986377954483032,0.2,-0.007367504919982619,5e-05,530,0.0014376801779683404,2.5288774967193604,0.06487268518518519,0.0074588316,-9.362388742941397
475200,1938,55,245,7560.0,-14196.558533080644,-0.4854809045791626,0.9990054368972778,0.2,-0.004931626616873675,5e-05,540,0.0007987004857945807,2.569157600402832,0.04414351851851852,0.0064172912,-9.419655390845405
483840,1975,56,244,7560.0,-13990.439309921876,-0.4890862703323364,0.9980704188346863,0.2,-0.003851646566591053,5e-05,550,0.0005927119734136525,2.605009078979492,0.03238425925925926,0.0053624553,-9.478613337764033
492480,2009,57,245,7560.0,-13904.217333846154,-0.49144792556762695,0.9987688660621643,0.2,-0.003117008116958594,5e-05,560,0.0005946966589868276,2.641066312789917,0.020243055555555556,0.004053145,-9.533782470137984
501120,2044,58,245,7560.0,-13800.907384969698,-0.4799393117427826,0.9988424181938171,0.2,-0.0036801836641367387,5e-05,570,0.0006526599662201652,2.685216188430786,0.028622685185185185,0.0049387165,-9.595017889517324
509760,2079,59,245,7560.0,-13719.858372626866,-0.49283888936042786,0.9988071918487549,0.2,-0.003715238198120561,5e-05,580,0.00048253892600769177,2.7234020233154297,0.026828703703703705,0.0053348015,-9.656057931405527
518400,2114,60,245,7560.0,-13634.191371632352,-0.4668344557285309,0.9985908269882202,0.2,-0.0030895798273936465,5e-05,590,0.0003309557231140961,2.757800340652466,0.025300925925925925,0.004354522,-9.70825817320082
527040,2149,61,245,7560.0,-13559.036377579709,-0.49934324622154236,0.9990751147270203,0.2,-0.003065062555725928,5e-05,600,0.00036174218271669276,2.803621292114258,0.021875,0.004960862,-9.767177879898636
535680,2183,62,245,7560.0,-13482.698276457142,-0.5200576782226562,0.9984839558601379,0.2,-0.004194417040864075,5e-05,610,0.0005268783966797249,2.860558032989502,0.02613425925925926,0.005348421,-9.839200365278456
544320,2221,63,245,7560.0,-13329.108002930556,-0.5205639600753784,0.9976509809494019,0.2,-0.0029232700589906287,5e-05,620,0.0005139441334230705,2.899324655532837,0.01392361111111111,0.0036136287,-9.905558320504648
552960,2256,64,245,7560.0,-13255.777562369864,-0.5121071338653564,0.9985634684562683,0.2,-0.0036412856572618085,5e-05,630,0.0006933574868943888,2.9440040588378906,0.02263888888888889,0.0045739464,-9.96428119941994
561600,2291,65,245,7560.0,-13184.054094743244,-0.477976530790329,0.9988709688186646,0.2,-0.0046271855685928905,5e-05,640,0.0004548730660031584,2.999476909637451,0.033483796296296296,0.0051865955,-10.032596450381808
570240,2325,66,245,7560.0,-13111.095710466667,-0.5161876082420349,0.999174952507019,0.2,-0.004753733528950424,5e-05,650,0.0002630985868961067,3.0405893325805664,0.03193287037037037,0.005857064,-10.097633036860714
578880,2359,67,245,7560.0,-13044.531302065789,-0.535136878490448,0.9991491436958313,0.2,-0.004383808863521726,5e-05,660,0.0003337383005095439,3.088578462600708,0.028993055555555557,0.0052881893,-10.156009827366582
587520,2394,68,245,7560.0,-12972.685372974025,-0.5267695188522339,0.9990172386169434,0.2,-0.005199261297195874,5e-05,670,0.000509062532251442,3.1318516731262207,0.04026620370370371,0.006236404,-10.214905083974202
596160,2428,69,245,7560.0,-12905.21349953846,-0.5460055470466614,0.9988356828689575,0.2,-0.004110065484936866,5e-05,680,0.0004290339269317445,3.1722030639648438,0.0341087962962963,0.006146299,-10.268597290604204
604800,2464,70,245,7560.0,-12759.4356399625,-0.5056547522544861,0.9989730715751648,0.2,-0.002160301110534756,5e-05,690,0.00034065590044418865,3.2133193016052246,0.014733796296296297,0.0037579827,-10.319569373660617
613440,2498,71,245,7560.0,-12691.079749407407,-0.5108203291893005,0.9985790848731995,0.2,-0.0031533675352801325,5e-05,700,0.0003342491649554749,3.263922929763794,0.02636574074074074,0.004897078,-10.375807871641936
622080,2532,72,245,7560.0,-12626.747537085364,-0.537059485912323,0.9989976286888123,0.2,-0.00287451031635067,5e-05,710,0.0004040022793924436,3.3057730197906494,0.02428240740740741,0.0053982427,-10.432559671048764
630720,2569,73,245,7560.0,-12558.916393602409,-0.5121328234672546,0.9990251660346985,0.2,-0.004207111129502731,5e-05,720,0.0003438659348089627,3.359391450881958,0.03222222222222222,0.005210244,-10.49147414666635
639360,2604,74,245,7560.0,-12503.93210765476,-0.5032257437705994,0.9988036751747131,0.2,-0.003123964500889458,5e-05,730,0.0003579251691257081,3.4063236713409424,0.019849537037037037,0.0046817823,-10.550903771011917
648000,2638,75,245,7560.0,-12440.965560388233,-0.5367699265480042,0.9984456896781921,0.2,-0.004256643451646798,5e-05,740,0.0005176456313347444,3.454449415206909,0.03048611111111111,0.004825705,-10.607526513558847
656640,2673,76,245,7560.0,-12383.112053534882,-0.5427002310752869,0.9985983967781067,0.2,-0.004008139459485257,5e-05,750,0.00038896328926461544,3.511366605758667,0.019988425925925927,0.004809762,-10.668947965833876
665280,2709,77,245,7560.0,-12273.053864147729,-0.5476757287979126,0.9987042546272278,0.2,-0.0029479993305479486,5e-05,760,0.0003408106649132808,3.554875135421753,0.02230324074074074,0.0043912074,-10.72616486090201
673920,2743,78,245,7560.0,-12219.214934674159,-0.5382232069969177,0.9992907047271729,0.2,-0.0035841777248101104,5e-05,770,0.0003048693075618724,3.6160011291503906,0.019918981481481482,0.004265385,-10.784698388841417
682560,2776,79,245,7560.0,-12164.428101766669,-0.5428487062454224,0.9990491271018982,0.2,-0.003430397865983347,5e-05,780,0.0004400384790669368,3.66959547996521,0.024953703703703704,0.00527356,-10.848127361580177
691200,2809,80,245,7560.0,-12117.276103351649,-0.5469727516174316,0.9993118047714233,0.2,-0.00382506408556192,5e-05,790,0.00034597250576889904,3.719031810760498,0.022708333333333334,0.004975228,-10.904458477585404
699840,2843,81,246,7560.0,-12067.78181701087,-0.5625041723251343,0.9991351962089539,0.2,-0.003149531899123556,5e-05,800,0.000373070634587849,3.773066520690918,0.025046296296296296,0.004764146,-10.959946925551803
708480,2876,82,246,7560.0,-12018.358421,-0.5521470308303833,0.9990933537483215,0.2,-0.0019741221634602107,5e-05,810,0.0003786098741909006,3.8293728828430176,0.013622685185185186,0.0036474832,-11.018681978296351
717120,2908,83,246,7560.0,-11971.749259957447,-0.5575598478317261,0.9991954565048218,0.2,-0.0032497110918026277,5e-05,820,0.0002927442123850428,3.8729803562164307,0.02508101851851852,0.0049003577,-11.070828465355767
725760,2943,84,246,7560.0,-11887.033066833334,-0.5474686026573181,0.9990459084510803,0.2,-0.002379627289009039,5e-05,830,0.00025351480803456746,3.933790683746338,0.01244212962962963,0.0035711566,-11.125387658719664
734400,2975,85,246,7560.0,-11831.730563989691,-0.5589602589607239,0.9991456270217896,0.2,-0.004189961858404179,5e-05,840,0.0003274253317687436,3.986454963684082,0.026516203703703705,0.0047807368,-11.182553556936758
743040,3007,86,247,7560.0,-11786.156754275511,-0.5649828314781189,0.998769223690033,0.2,-0.0035587493230209307,5e-05,850,0.00038182130989972157,4.043457984924316,0.020868055555555556,0.0047854935,-11.238712679545085
751680,3039,87,247,7560.0,-11741.674567929293,-0.551722526550293,0.9994097948074341,0.2,-0.0033779069479485907,5e-05,860,0.00022202100209715018,4.099447727203369,0.021574074074074075,0.005123767,-11.29388317461367
760320,3072,88,247,7560.0,-11696.81309576,-0.5560228228569031,0.9992466568946838,0.2,-0.003429217311657137,5e-05,870,0.0002969207278564917,4.161013603210449,0.0259375,0.004936369,-11.35096464086462
768960,3104,89,247,7560.0,-11658.981547639998,-0.5909484624862671,0.9992679953575134,0.2,-0.004243813876959461,5e-05,880,0.00026946316751289283,4.2357988357543945,0.025775462962962962,0.005170114,-11.4178116162618
777600,3136,90,247,7560.0,-11586.36336122,-0.5829395055770874,0.9991915822029114,0.2,-0.004165337723507374,5e-05,890,0.0002552334625377423,4.282751560211182,0.02547453703703704,0.004714331,-11.47387369438454
786240,3171,91,247,7560.0,-11588.82322992,-0.5768048763275146,0.9990286827087402,0.2,-0.003710000746779972,5e-05,900,0.0002731622361709553,4.3541154861450195,0.02642361111111111,0.00527422,-11.529186344853153
794880,3202,92,248,7560.0,-11393.486237519997,-0.6031776070594788,0.9991337656974792,0.2,-0.0031618205713177167,5e-05,910,0.00026395107025530673,4.413081169128418,0.01747685185185185,0.004288056,-11.589532163408068
803520,3235,93,248,7560.0,-11299.205974249999,-0.5819846987724304,0.9992868900299072,0.2,-0.0026907648358287083,5e-05,920,0.0002517944360389029,4.462464809417725,0.01625,0.004612889,-11.63689024536698
812160,3267,94,248,7560.0,-11286.295299849999,-0.5918948650360107,0.9992791414260864,0.2,-0.0027538946777996088,5e-05,930,0.0002762684816466558,4.525936603546143,0.01505787037037037,0.00381332,-11.688843594303837
820800,3299,95,248,7560.0,-11254.497433580002,-0.5799036026000977,0.9993141293525696,0.2,-0.002716335766017437,5e-05,940,0.0002477404091580495,4.584963798522949,0.014675925925925926,0.00423589,-11.742270235132288
829440,3331,96,248,7560.0,-11254.90612644,-0.5939493179321289,0.9995182752609253,0.2,-0.0024731991876399627,5e-05,950,0.0002653285155894183,4.655869960784912,0.02185185185185185,0.0047212597,-11.799303453939933
838080,3363,97,249,7560.0,-10782.05642869,-0.6200552582740784,0.9994333386421204,0.2,-0.0031079351864065287,5e-05,960,0.0002665139152075561,4.707553386688232,0.01238425925925926,0.0031206252,-11.851811294555665
846720,3397,98,249,7560.0,-10287.738893920001,-0.603561520576477,0.9994180202484131,0.2,-0.002839487131547045,5e-05,970,0.0002820130170989109,4.7606306076049805,0.01662037037037037,0.0039700763,-11.896440248136168
855360,3429,99,249,7560.0,-10271.690360270002,-0.6038024425506592,0.9995243549346924,0.2,-0.004037830355335717,5e-05,980,0.0002278458313311502,4.8247809410095215,0.021030092592592593,0.0051131947,-11.945061586874502
864000,3462,100,249,7560.0,-10245.15448984,-0.6038864254951477,0.9994437098503113,0.2,-0.0023127170824618253,5e-05,990,0.00022189478815158104,4.894042491912842,0.013229166666666667,0.0035854012,-12.001150967633283
872640,3494,101,249,7560.0,-9780.092834730001,-0.5864159464836121,0.9995359778404236,0.2,-0.003002457108900503,5e-05,1000,0.0002410128739332625,4.943995475769043,0.017280092592592593,0.0038256438,-12.049659588425248
881280,3527,102,249,7560.0,-9650.58389284,-0.6091589331626892,0.999418318271637,0.2,-0.0027661638499961957,5e-05,1010,0.0002689914498478174,5.0049214363098145,0.01898148148148148,0.0037647097,-12.093782131760209
889920,3559,103,250,7560.0,-9527.495070559999,-0.6178527474403381,0.999364972114563,0.2,-0.003078184752828545,5e-05,1020,0.00022078048809177103,5.081532001495361,0.02020833333333333,0.005001697,-12.149564647674561
898560,3591,104,250,7560.0,-9425.691937309999,-0.6165983080863953,0.9995120763778687,0.2,-0.003045355298694361,5e-05,1030,0.00022639819572860788,5.133875370025635,0.02201388888888889,0.0043045855,-12.200174253958243
907200,3625,105,250,7560.0,-9401.44346166,-0.6373112201690674,0.9994959235191345,0.2,-0.003058013420862456,5e-05,1040,0.00020620540929182121,5.2215576171875,0.0203125,0.0045693237,-12.253992899435538
915840,3658,106,250,7560.0,-9406.40078157,-0.641515851020813,0.999316394329071,0.2,-0.0038714355896054594,5e-05,1050,0.0005085130087725163,5.300124168395996,0.03085648148148148,0.005162427,-12.317784328460693
924480,3690,107,250,7560.0,-9270.228150050001,-0.5920562744140625,0.9994865655899048,0.2,-0.0030623174351812514,5e-05,1060,0.0003913677009081261,5.3876237869262695,0.017800925925925925,0.0043809363,-12.380313026286938
933120,3722,108,250,7560.0,-9271.24283854,-0.6551252603530884,0.9996023178100586,0.2,-0.0033197645870623764,5e-05,1070,0.00027458332462831296,5.462745666503906,0.016979166666666667,0.0040457062,-12.442074851989746
941760,3754,109,250,7560.0,-9137.802998120002,-0.6287656426429749,0.9994935989379883,0.2,-0.00437920700551735,5e-05,1080,0.0003370430258143676,5.533477783203125,0.026261574074074073,0.0049540494,-12.494538088904486
950400,3787,110,250,7560.0,-9109.06234962,-0.6321898102760315,0.9993997812271118,0.2,-0.0034084324362360077,5e-05,1090,0.0005428031171538384,5.621071815490723,0.016574074074074074,0.004224672,-12.552496217091878
959040,3819,111,251,7560.0,-9066.97532281,-0.6251591444015503,0.9994308948516846,0.2,-0.004239074719759325,5e-05,1100,0.0004498665025608649,5.7131476402282715,0.025451388888888888,0.0049339435,-12.61344666728267
967680,3852,112,251,7560.0,-8980.20171635,-0.642920970916748,0.9986475706100464,0.2,-0.004708664022834489,5e-05,1110,0.0005999043865961506,5.781396389007568,0.041944444444444444,0.0051959734,-12.671230359960486
976320,3885,113,251,7560.0,-8983.73295126,-0.6245721578598022,0.998768150806427,0.2,-0.003332254403891663,5e-05,1120,0.00048591146902051855,5.863554000854492,0.025613425925925925,0.005034955,-12.723703213444463
984960,3917,114,251,7560.0,-8931.880905859998,-0.637749969959259,0.9995081424713135,0.2,-0.0033747553028580213,5e-05,1130,0.00038115678710811253,5.949185848236084,0.02795138888888889,0.0043985373,-12.7802201045001
993600,3949,115,251,7560.0,-8905.23099986,-0.6442530155181885,0.9995874166488647,0.2,-0.004979899829184568,5e-05,1140,0.0002807040448425579,6.017155170440674,0.03868055555555556,0.0053497935,-12.832332286834717
1002240,3982,116,251,7560.0,-8815.853097079998,-0.6556163430213928,0.9995967745780945,0.2,-0.004926280441383521,5e-05,1150,0.00029414140623649235,6.117954254150391,0.035659722222222225,0.00530782,-12.887981654979564
1010880,4014,117,251,7560.0,-8760.76697028,-0.6589527726173401,0.9995317459106445,0.2,-0.003098258245305193,5e-05,1160,0.00029965258969308773,6.204726219177246,0.023726851851851853,0.0046628597,-12.948002255051223
1019520,4046,118,251,7560.0,-8617.48150026,-0.659392237663269,0.9995854496955872,0.2,-0.0030277411044678753,5e-05,1170,0.00027460525248898196,6.275624752044678,0.01570601851851852,0.0040830937,-12.998794469480162
1028160,4080,119,251,7560.0,-8461.27304636,-0.6479871273040771,0.9995812177658081,0.2,-0.0037794941646495353,5e-05,1180,0.00020250971386472143,6.356037616729736,0.026979166666666665,0.005284014,-13.046838242566144
1036800,4112,120,252,7560.0,-8424.706209599999,-0.6504673361778259,0.9995254874229431,0.2,-0.002413647886607106,5e-05,1190,0.00022748312658492337,6.458067893981934,0.016087962962962964,0.0036537992,-13.103719475357622
1045440,4145,121,252,7560.0,-8407.19569742,-0.6641454696655273,0.9996752142906189,0.2,-0.0031586922515459636,5e-05,1200,0.00021311307293621617,6.526895999908447,0.018541666666666668,0.0038074034,-13.155426747357403
1054080,4176,122,252,7560.0,-8388.977893419999,-0.6433823704719543,0.9996436834335327,0.2,-0.0040044609945336426,5e-05,1210,0.0002218180695490446,6.6207380294799805,0.03214120370370371,0.005003326,-13.204140750743724
1062720,4208,123,252,7560.0,-8371.688955419999,-0.6822396516799927,0.9995836019515991,0.2,-0.005922765298574059,5e-05,1220,0.0002603328079190019,6.7349324226379395,0.03693287037037037,0.005623251,-13.266646868387857
1071360,4241,124,252,7560.0,-8283.33537419,-0.6683198809623718,0.9996377229690552,0.2,-0.002744029476652267,5e-05,1230,0.00018708654381852183,6.83753776550293,0.017361111111111112,0.0041472455,-13.33067289211132
1080000,4272,125,252,7560.0,-8264.756939800001,-0.6893339157104492,0.9996535778045654,0.2,-0.0033685142317510866,5e-05,1240,0.00019349400945766656,6.958089351654053,0.025983796296296297,0.0048629716,-13.395077246206778
1088640,4306,126,252,7560.0,-8143.4818558000015,-0.67539381980896,0.9995549917221069,0.2,-0.0035627040777493407,5e-05,1250,0.00032453384020266607,7.062447547912598,0.026990740740740742,0.0047182445,-13.460326919555664
1097280,4338,127,252,7560.0,-8131.1558558800025,-0.7061914801597595,0.9996427893638611,0.2,-0.0028486262180807964,5e-05,1260,0.00014219377378510588,7.1862077713012695,0.024421296296296295,0.0041373926,-13.523983205159505
1105920,4370,128,253,7560.0,-8041.804854890002,-0.6889113783836365,0.9997929930686951,0.2,-0.0021626949794935407,5e-05,1270,0.00017173612937633018,7.269387722015381,0.009571759259259259,0.0028381322,-13.580375077282941
1114560,4403,129,253,7560.0,-8022.111827810001,-0.6983636021614075,0.9997697472572327,0.2,-0.003670552149070082,5e-05,1280,0.00019091813503311844,7.371367454528809,0.01849537037037037,0.004220278,-13.630361485657868
1123200,4435,130,253,7560.0,-7895.595010110002,-0.6971982717514038,0.9995977878570557,0.2,-0.003491198749591907,5e-05,1290,0.0002324096557707957,7.464146137237549,0.020300925925925927,0.0041592093,-13.68201377939295
1131840,4467,131,253,7560.0,-7691.2642378300025,-0.681791365146637,0.999705970287323,0.2,-0.003152359350480967,5e-05,1300,0.00022066619468171634,7.55961799621582,0.02087962962962963,0.0045801247,-13.732731427086724
1140480,4499,132,253,7560.0,-7612.599674390001,-0.7094205021858215,0.9997012615203857,0.2,-0.00348892402852437,5e-05,1310,0.00019611477240148275,7.666653156280518,0.016875,0.0037852807,-13.78450267650463
1149120,4533,133,253,7560.0,-7451.699855320002,-0.6777270436286926,0.9996048808097839,0.2,-0.0035776754994704214,5e-05,1320,0.00027068704324645094,7.797883033752441,0.01707175925925926,0.003557838,-13.846397173139785
1157760,4565,134,253,7560.0,-7362.254354390001,-0.7022005319595337,0.999772310256958,0.2,-0.003105045892643156,5e-05,1330,0.00013536999252984836,7.924711227416992,0.025046296296296296,0.004777775,-13.912319047715929
1166400,4597,135,253,7560.0,-7251.958846010001,-0.7107117772102356,0.9997880458831787,0.2,-0.0023943646712642577,5e-05,1340,0.0001990190464291825,7.993553161621094,0.016180555555555556,0.0035333491,-13.960337793562147
1175040,4629,136,253,7560.0,-7155.06822138,-0.7087570428848267,0.9996131062507629,0.2,-0.003128061972351538,5e-05,1350,0.00027732670264042636,8.0728178024292,0.02013888888888889,0.00403483,-13.996748477088081
1183680,4661,137,253,7560.0,-7114.462404269999,-0.7150846719741821,0.9996522068977356,0.2,-0.003464437019666312,5e-05,1360,0.0002535128200704801,8.198675155639648,0.01744212962962963,0.0042258985,-14.048622031035247
1192320,4694,138,254,7560.0,-7075.5945178599995,-0.7173681259155273,0.99971604347229,0.2,-0.0024755863946241637,5e-05,1370,0.0002126979353326735,8.332405090332031,0.01587962962962963,0.003567228,-14.111063355339898
1200960,4726,139,254,7560.0,-7048.547355459999,-0.694842517375946,0.99955815076828,0.2,-0.0030536644485848093,5e-05,1380,0.00023791110586629386,8.467572212219238,0.021284722222222222,0.0044060904,-14.176801639839455
1209600,4759,140,254,7560.0,-7014.748782460001,-0.7137083411216736,0.9996445178985596,0.2,-0.002586647527361358,5e-05,1390,0.00022243460922726188,8.584222793579102,0.01568287037037037,0.0034925563,-14.235129717367666
1218240,4791,141,254,7560.0,-6997.069790390001,-0.714331328868866,0.9997023344039917,0.2,-0.0036772740922040408,5e-05,1400,0.00021913775640617435,8.687257766723633,0.023310185185185184,0.0047188625,-14.284358761398881
1226880,4823,142,254,7560.0,-6973.35747915,-0.7299126386642456,0.999775767326355,0.2,-0.002959834054733316,5e-05,1410,0.00016172932397576342,8.789815902709961,0.018726851851851852,0.0043159425,-14.33058793315181
1235520,4855,143,254,7560.0,-6963.48426904,-0.7366549372673035,0.9997038841247559,0.2,-0.003530547127334608,5e-05,1420,0.00016641369963138087,8.908988952636719,0.025486111111111112,0.0041960864,-14.380047805927418
1244160,4887,144,254,7560.0,-6946.717884690001,-0.7377957105636597,0.9996774196624756,0.2,-0.004352485882118344,5e-05,1430,0.00029833486790367816,9.051031112670898,0.02101851851851852,0.004936805,-14.439258646081996
1252800,4920,145,254,7560.0,-6923.773130650001,-0.7333385944366455,0.9996781349182129,0.2,-0.0028319351350957595,5e-05,1440,0.0002731219850075259,9.194453239440918,0.02400462962962963,0.0040478325,-14.50002810019034
1261440,4952,146,254,7560.0,-6916.21435604,-0.7260696291923523,0.9996370673179626,0.2,-0.0024632687161297157,5e-05,1450,0.0001667876902717614,9.29152774810791,0.010798611111111111,0.003200841,-14.552440630594889
1270080,4986,147,254,7560.0,-6871.3771733,-0.7296682596206665,0.9992009997367859,0.2,-0.002298311519143344,5e-05,1460,0.0004748760151603535,9.437906265258789,0.0159375,0.0038655105,-14.602992194140398
1278720,5018,148,254,7560.0,-6847.57019622,-0.7157400846481323,0.9996697902679443,0.2,-0.0029680933391123456,5e-05,1470,0.00016760623157972954,9.595943450927734,0.02130787037037037,0.0040377667,-14.666080941094293
1287360,5050,149,254,7560.0,-6822.940273089999,-0.7210947871208191,0.9996708035469055,0.2,-0.003163167707518571,5e-05,1480,0.00024917699006403346,9.676372528076172,0.017800925925925925,0.004010642,-14.716997172037761
1296000,5082,150,255,7560.0,-6796.445660619999,-0.7344297766685486,0.9993128776550293,0.2,-0.0027172736640743637,5e-05,1490,0.0005574287434595775,9.811456680297852,0.01636574074074074,0.0039906907,-14.763270741921884
1304640,5114,151,255,7560.0,-6772.842012289999,-0.7717743515968323,0.99913489818573,0.2,-0.0043370957848512465,5e-05,1500,0.0004147054855625525,9.976316452026367,0.040011574074074074,0.005890547,-14.825271459508825
1313280,5145,152,255,7560.0,-6748.02824424,-0.7428699135780334,0.999264121055603,0.2,-0.0013398448621026345,5e-05,1510,0.00032407016235757273,10.10230827331543,0.02153935185185185,0.003643061,-14.882023129639801
1321920,5178,153,255,7560.0,-6724.057308089999,-0.751629650592804,0.9994983077049255,0.2,-0.002142604902662613,5e-05,1520,0.00021602280822763633,10.201764106750488,0.028888888888888888,0.0036623261,-14.925899878607856
1330560,5211,154,255,7560.0,-6675.69320919,-0.7614855170249939,0.9991732835769653,0.2,-0.003230554688273481,5e-05,1530,0.0002251041991338651,10.331918716430664,0.028888888888888888,0.004151372,-14.972044867762813
1339200,5243,155,255,7560.0,-6656.212342260002,-0.7581751346588135,0.9993859529495239,0.2,-0.0013707377745218023,5e-05,1540,0.00015974441118251652,10.47086238861084,0.009421296296296296,0.0025114939,-15.022585166648582
1347840,5275,156,255,7560.0,-6633.02274163,-0.7583577632904053,0.9994138479232788,0.2,-0.0017599712139754384,5e-05,1550,0.0003065255068348186,10.587297439575195,0.01787037037037037,0.003781437,-15.070664537217882
1356480,5307,157,255,7560.0,-6615.96335086,-0.7423785328865051,0.9994210004806519,0.2,-0.0018107901501503807,5e-05,1560,0.00016517644112927545,10.700069427490234,0.012708333333333334,0.0034666732,-15.11133406745063
1365120,5339,158,255,7560.0,-6601.329730840001,-0.7619083523750305,0.9994386434555054,0.2,-0.0010255452252372547,5e-05,1570,0.00013333603221528595,10.839630126953125,0.010277777777777778,0.0025002079,-15.156613570319282
1373760,5371,159,255,7560.0,-6582.595666710001,-0.7503685355186462,0.9991490244865417,0.2,-0.0022172414730475456,5e-05,1580,0.00015029392297610347,11.013148307800293,0.019560185185185184,0.0040917513,-15.214308382670085
1382400,5402,160,255,7560.0,-6562.400700630001,-0.7665132880210876,0.9992582201957703,0.2,-0.002173989377570925,5e-05,1590,0.00014097306953906943,11.11815071105957,0.01783564814814815,0.003596504,-15.263014736881962
1391040,5437,161,255,7560.0,-6518.70299884,-0.793867826461792,0.9991660714149475,0.2,-0.002503372737965374,5e-05,1600,0.00016148618170215437,11.250452041625977,0.02153935185185185,0.0040536933,-15.304407504046404
1399680,5469,162,255,7560.0,-6499.570860780001,-0.7655304074287415,0.9993043541908264,0.2,-0.0018356765853241087,5e-05,1610,0.00015781368395470998,11.384664535522461,0.01646990740740741,0.0038286678,-15.350381407561125
1408320,5510,163,255,7560.0,-6476.98016374,-0.7615157961845398,0.9992204904556274,0.2,-0.002152218281601866,5e-05,1620,0.00020247246504705228,11.526887893676758,0.015625,0.0037122772,-15.398815831078423
1416960,5542,164,255,7560.0,-6455.20618595,-0.7833971977233887,0.9993547201156616,0.2,-0.0032159969921189326,5e-05,1630,0.0001863574460084136,11.645498275756836,0.035625,0.0050852085,-15.444549840997766
1425600,5575,165,255,7560.0,-6430.809846109999,-0.7616241574287415,0.9992417097091675,0.2,-0.0028305621517615187,5e-05,1640,0.0001849728734534303,11.768340110778809,0.024375,0.0038887386,-15.484700856385407
1434240,5607,166,255,7560.0,-6407.354999409999,-0.7876246571540833,0.9992867708206177,0.2,-0.002455642358572395,5e-05,1650,0.00013916245260689822,11.93415641784668,0.023958333333333335,0.004438568,-15.533710103211579
1442880,5639,167,255,7560.0,-6385.102018959999,-0.7718193531036377,0.9991892576217651,0.2,-0.0029476753118689416,5e-05,1660,0.0001756117824967347,12.084251403808594,0.025763888888888888,0.004383523,-15.584140840459753
1451520,5675,168,255,7560.0,-6331.79951058,-0.7683565616607666,0.999298632144928,0.2,-0.002458584682015633,5e-05,1670,0.00013186772807751335,12.231045722961426,0.015474537037037037,0.0032150256,-15.632161124900536
1460160,5708,169,255,7560.0,-6310.028572380001,-0.8020215630531311,0.9994198679924011,0.2,-0.0019165021444118961,5e-05,1680,0.00013643006906258288,12.385098457336426,0.025717592592592594,0.0037359325,-15.677034712897406
1468800,5740,170,255,7560.0,-6283.237160580001,-0.773742139339447,0.999409019947052,0.2,-0.0033242553053423763,5e-05,1690,0.00018127121451134035,12.570208549499512,0.02636574074074074,0.004285959,-15.730306643026847
1477440,5773,171,255,7560.0,-6256.47238022,-0.7986923456192017,0.9994550943374634,0.2,-0.002828305248274571,5e-05,1700,0.00014552324685037428,12.738061904907227,0.024780092592592593,0.0033967218,-15.782143599898728
1486080,5805,172,255,7560.0,-6228.97998917,-0.7963539361953735,0.9995221495628357,0.2,-0.0012513823338128902,5e-05,1710,0.00012394118921225459,12.930388450622559,0.017465277777777777,0.0035514885,-15.836746484968398
1494720,5838,173,256,7560.0,-6212.46244356,-0.7980526685714722,0.9992002248764038,0.2,-0.002376989247967248,5e-05,1720,0.00011976414945685839,13.11738395690918,0.030462962962962963,0.0040491377,-15.892997856846563
1503360,5872,174,255,7560.0,-6187.88356948,-0.7994729280471802,0.9992498159408569,0.2,-0.001868942780247717,5e-05,1730,0.00010695792349805641,13.280494689941406,0.009479166666666667,0.0028583666,-15.944390418441207
1512000,5906,175,255,7560.0,-6138.951913380001,-0.8072448372840881,0.9992873668670654,0.2,-0.0016923633193666183,5e-05,1740,0.00012837680018155543,13.422626495361328,0.025694444444444443,0.003954148,-15.98822655218619
1520640,5939,176,256,7560.0,-6116.88125518,-0.8056979179382324,0.9995242953300476,0.2,-0.001758435121220019,5e-05,1750,0.00010930580243304441,13.573084831237793,0.011817129629629629,0.0025455356,-16.03092021235713
1529280,5972,177,256,7560.0,-6093.54081079,-0.8198078274726868,0.9993794560432434,0.2,-0.001906974158525743,5e-05,1760,0.00014080888891098936,13.787293434143066,0.005740740740740741,0.0023783804,-16.07981159210205
1537920,6006,178,256,7560.0,-6070.72973628,-0.8207058906555176,0.9993672966957092,0.2,-0.002122079104323078,5e-05,1770,0.00018881761745163843,14.026982307434082,0.01670138888888889,0.0033402138,-16.142976750974302
1546560,6041,179,256,7560.0,-6054.53857484,-0.8254480957984924,0.9993636608123779,0.2,-0.0031466240925645387,5e-05,1780,0.00014232896262978168,14.254509925842285,0.033414351851851855,0.0049419207,-16.20909873255977
1555200,6074,180,256,7560.0,-6029.238136579999,-0.8211096525192261,0.9994393587112427,0.2,-0.0012456639390438795,5e-05,1790,9.603139112894294e-05,14.484264373779297,0.013391203703703704,0.0034191008,-16.272786718297887
1563840,6107,181,256,7560.0,-6009.4082886900005,-0.8223842978477478,0.9994716048240662,0.2,-0.002130006550880218,5e-05,1800,0.00010555607077144992,14.65317153930664,0.02378472222222222,0.004187121,-16.327435230678983
1572480,6141,182,256,7560.0,-5974.18248059,-0.8124926090240479,0.9994227290153503,0.2,-0.002181030454941922,5e-05,1810,0.00011806699216659009,14.927611351013184,0.02917824074074074,0.0040822155,-16.38965966825132
1581120,6173,183,256,7560.0,-5955.39853034,-0.8499414324760437,0.9996351599693298,0.2,-0.002125089829442678,5e-05,1820,0.00010796280741353122,15.186400413513184,0.013738425925925926,0.003495508,-16.45683727123119
1589760,6206,184,256,7560.0,-5935.6781972,-0.8208822011947632,0.9995379447937012,0.2,-0.002683812260489773,5e-05,1830,0.00014391822303878144,15.371841430664062,0.028194444444444446,0.0044544465,-16.511568871957284
1598400,6238,185,256,7560.0,-5920.7070127900015,-0.8373237252235413,0.9994773864746094,0.2,-0.0020241065004288597,5e-05,1840,0.0001428490561024605,15.621790885925293,0.01292824074074074,0.0032164021,-16.566475071377223
1607040,6269,186,256,7560.0,-5905.27961279,-0.8368207812309265,0.999491810798645,0.2,-0.0019609946298792405,5e-05,1850,0.00010055596480486672,15.87179183959961,0.02172453703703704,0.0039288416,-16.63013761167173
1615680,6300,187,256,7560.0,-5889.668569880001,-0.842926561832428,0.99952632188797,0.2,-0.001295266971854424,5e-05,1860,0.00011297883885196859,16.142305374145508,0.011782407407407408,0.0031337843,-16.69367406350595
1624320,6332,188,256,7560.0,-5870.82235103,-0.8403897285461426,0.9995760917663574,0.2,-0.0027359616533956595,5e-05,1870,9.32640040722348e-05,16.342849731445312,0.011423611111111112,0.0032104221,-16.749850487885652
1632960,6365,189,256,7560.0,-5837.84650318,-0.8542108535766602,0.9994982481002808,0.2,-0.003654388311077599,5e-05,1880,8.984725065938956e-05,16.660017013549805,0.03076388888888889,0.00501691,-16.809905412462022
1641600,6397,190,256,7560.0,-5817.62370859,-0.8580321669578552,0.9995556473731995,0.2,-0.000848597782422547,5e-05,1890,0.00012268147389005645,16.916927337646484,0.005138888888888889,0.0020828687,-16.87614814899586
1650240,6428,191,256,7560.0,-5800.226910829999,-0.8427997827529907,0.999622106552124,0.2,-0.0015716156209991485,5e-05,1900,0.00014225140935364094,17.11591339111328,0.008506944444444444,0.0027263197,-16.927196714613174
1658880,6468,192,256,7560.0,-5781.42666644,-0.8520326018333435,0.9995617866516113,0.2,-0.0022497063118067603,5e-05,1910,0.0001600321490884569,17.349178314208984,0.012349537037037037,0.0034716108,-16.97600791083442
1667520,6502,193,256,7560.0,-5757.88921139,-0.8601612448692322,0.9995676279067993,0.2,-0.002634046856244957,5e-05,1920,0.0001464425905470745,17.53712272644043,0.02148148148148148,0.0041090082,-17.017688369750978
1676160,6536,194,256,7560.0,-5738.736730590001,-0.8743624687194824,0.999565839767456,0.2,-0.002704089816521715,5e-05,1930,0.00013821895089845553,17.824176788330078,0.017013888888888887,0.0033415284,-17.066544885988588
1684800,6569,195,256,7560.0,-5717.67980173,-0.8710160255432129,0.9994714260101318,0.2,-0.0036960773340736826,5e-05,1940,0.00013826883756943667,18.04170799255371,0.02704861111111111,0.004846617,-17.118892733256022
1693440,6603,196,256,7560.0,-5671.786827900001,-0.8569886684417725,0.9996362924575806,0.2,-0.001611646831346055,5e-05,1950,0.00010934301598657234,18.273893356323242,0.015370370370370371,0.0033308945,-17.16605252866392
1702080,6638,197,256,7560.0,-5654.440417510001,-0.8746097087860107,0.9997498393058777,0.2,-0.0023226569756796514,5e-05,1960,9.693173875685143e-05,18.52071762084961,0.006840277777777778,0.0029258055,-17.215259349964285
1710720,6670,198,256,7560.0,-5633.22150673,-0.8537510633468628,0.9995390176773071,0.2,-0.0018343157821369392,5e-05,1970,0.00014842665272428552,18.84086036682129,0.011805555555555555,0.0033965888,-17.270106332567003
1719360,6703,199,256,7560.0,-5598.473973649999,-0.8807925581932068,0.9996083974838257,0.2,-0.0013129421282145712,5e-05,1980,0.00013784626348987568,19.101518630981445,0.012094907407407407,0.0026993894,-17.325979956167714
1728000,6738,200,256,7560.0,-5573.696703589999,-0.8775719404220581,0.9996834993362427,0.2,-0.0026711156236490716,5e-05,1990,0.0001401455070569042,19.33552360534668,0.01460648148148148,0.0037743135,-17.373526930632416
1736640,6772,201,256,7560.0,-5546.242460959999,-0.8911718130111694,0.9996412396430969,0.2,-0.0018900498044159676,5e-05,2000,0.00014877972839544612,19.660741806030273,0.013344907407407408,0.0029572465,-17.42577631915057
1745280,6806,202,256,7560.0,-5524.826617430001,-0.884942889213562,0.9996224641799927,0.2,-0.002153459890504126,5e-05,2010,0.00010929574261050826,19.99304962158203,0.019097222222222224,0.0038597446,-17.486234266493057
1753920,6842,203,256,7560.0,-5487.246785190001,-0.8874613642692566,0.9996647238731384,0.2,-0.001496731417288107,5e-05,2020,0.00012417315804028745,20.275787353515625,0.012326388888888888,0.0025547487,-17.541746253967286
1762560,6875,204,256,7560.0,-5467.998356509999,-0.8843039870262146,0.9997204542160034,0.2,-0.0012506435671821236,5e-05,2030,0.00012350337756625204,20.641618728637695,0.012164351851851852,0.0032255915,-17.604456233271847
1771200,6909,205,256,7560.0,-5453.378215399999,-0.8852207064628601,0.9996560215950012,0.2,-0.0017045056487054184,5e-05,2040,0.00015918285279271745,20.829008102416992,0.008923611111111111,0.0023927595,-17.654434379295065
1779840,6943,206,256,7560.0,-5441.0796909,-0.8922212719917297,0.999250590801239,0.2,-0.001296618198113585,5e-05,2050,0.0001424932023305532,21.02908706665039,0.007326388888888889,0.002252104,-17.68626295160364
1788480,6978,207,256,7560.0,-5422.445439339999,-0.8967447876930237,0.9997100234031677,0.2,-0.002949739868787152,5e-05,2060,0.00014881660584554386,21.302581787109375,0.020196759259259258,0.0038267216,-17.72660032908122
1797120,7014,208,256,7560.0,-5401.926573930001,-0.8964159488677979,0.999764621257782,0.2,-0.0017001935135124734,5e-05,2070,0.00011734702957996719,21.493844985961914,0.012824074074074075,0.0027198037,-17.763827815585667
1805760,7048,209,256,7560.0,-5385.67356469,-0.8907846808433533,0.9997604489326477,0.2,-0.0026214615345277166,5e-05,2080,0.000101720574527496,21.738393783569336,0.016712962962962964,0.003396605,-17.802942393267596
1814400,7083,210,256,7560.0,-5359.600702670001,-0.8977108001708984,0.9989415407180786,0.2,-0.001519405767666521,5e-05,2090,0.0003610648313069423,22.077213287353516,0.010729166666666666,0.0023386853,-17.85549494708026
1823040,7115,211,256,7560.0,-5343.793513410001,-0.8869006633758545,0.9998128414154053,0.2,-0.002188435703843694,5e-05,2100,0.0001639625401434454,22.398231506347656,0.019004629629629628,0.0033255375,-17.913214754175257
1831680,7156,212,255,7560.0,-5329.7366338599995,-0.9282867908477783,0.999777615070343,0.2,-0.002403952168231761,5e-05,2110,0.00016175604564152847,22.68709945678711,0.016087962962962964,0.0032026565,-17.962787255181208
1840320,7189,213,255,7560.0,-5315.608422969999,-0.8965389132499695,0.9997401833534241,0.2,-0.0022889627157538024,5e-05,2120,0.0001789564985342117,23.04659652709961,0.02042824074074074,0.0037760779,-18.016064742759422
1848960,7221,214,256,7560.0,-5295.547708940001,-0.909268856048584,0.9996887445449829,0.2,-0.001963296728036194,5e-05,2130,0.0001372641213526583,23.38748550415039,0.012361111111111111,0.003368661,-18.06682953869855
1857600,7253,215,256,7560.0,-5276.79780826,-0.9109591841697693,0.9995855093002319,0.2,-0.0017944847021458877,5e-05,2140,0.00017590221566529687,23.63526153564453,0.006608796296296297,0.0021924751,-18.105460157041197
1866240,7284,216,256,7560.0,-5260.345368260001,-0.9144513010978699,0.9996439218521118,0.2,-0.000841277239723476,5e-05,2150,0.000139903783406394,23.90291976928711,0.012673611111111111,0.0022495028,-18.14168456607395
1874880,7317,217,256,7560.0,-5228.092796399999,-0.9200270175933838,0.9996089935302734,0.2,-0.0010715985627568982,5e-05,2160,0.00015600210069721841,24.260128021240234,0.00787037037037037,0.0020521993,-18.195016137582286
1883520,7349,218,256,7560.0,-5208.7861563199995,-0.9321255683898926,0.9998348951339722,0.2,-0.00027875874415729887,5e-05,2170,0.00010919509438314923,24.633522033691406,0.004050925925925926,0.0016491559,-18.256571037857622
1892160,7382,219,256,7560.0,-5194.77383037,-0.8922944664955139,0.9994717240333557,0.2,-0.002155290890864476,5e-05,2180,0.00019209278408433656,25.021141052246094,0.015891203703703703,0.0029176364,-18.317769084506565
1900800,7413,220,256,7560.0,-5177.5380298499995,-0.9280326962471008,0.9997025728225708,0.2,-0.0014025881534649267,5e-05,2190,0.00015314940616479832,25.276935577392578,0.011828703703703704,0.002494771,-18.36504968855116
1909440,7444,221,256,7560.0,-5160.7037694,-0.9278383851051331,0.9996894598007202,0.2,-0.002161548093168272,5e-05,2200,0.0001675942312242653,25.675548553466797,0.008796296296296297,0.0032610444,-18.412979008709943
1918080,7475,222,256,7560.0,-5143.732083020001,-0.9196993112564087,0.9996688961982727,0.2,-0.0012639090394670214,5e-05,2210,0.00014432444073867777,26.089447021484375,0.00931712962962963,0.0029313697,-18.470201132032606
1926720,7507,223,256,7560.0,-5127.60514146,-0.9303860068321228,0.999597430229187,0.2,-0.0020256180305861762,5e-05,2220,0.0001536855227836727,26.57298469543457,0.022546296296296297,0.003263394,-18.533132167392306
1935360,7539,224,256,7560.0,-5097.38161126,-0.9172120690345764,0.9995406270027161,0.2,-0.0008256124313575802,5e-05,2230,0.00025293114580563267,27.016551971435547,0.005717592592592593,0.0019131334,-18.59686281416151
1944000,7571,225,256,7560.0,-5080.268082580001,-0.9467976689338684,0.9994180202484131,0.2,-0.0008971432620590484,5e-05,2240,0.0002820126885921194,27.450275421142578,0.010347222222222223,0.0024568955,-18.656223845305266
1952640,7602,226,256,7560.0,-5064.54328674,-0.9262251853942871,0.9997590780258179,0.2,-0.001941721567677127,5e-05,2250,0.00020144547554621197,27.75423812866211,0.00980324074074074,0.0024906953,-18.7050566595572
1961280,7634,227,256,7560.0,-5054.631984070001,-0.9364519715309143,0.9986478090286255,0.2,-0.0010482455598604349,5e-05,2260,0.0003059513975340114,28.22089195251465,0.007581018518518518,0.0024655226,-18.756335252832482
1969920,7665,228,256,7560.0,-5034.47435074,-0.9299672842025757,0.9993181824684143,0.2,-0.0009044470738067671,5e-05,2270,0.00039460170214254133,28.48109245300293,0.005439814814814815,0.0015769886,-18.80078384399414
1978560,7697,229,257,7560.0,-5015.10543124,-0.9543426632881165,0.999564528465271,0.2,-0.0016386264892019056,5e-05,2280,0.0001795783619982777,28.81623649597168,0.014074074074074074,0.0025904449,-18.840352383366337
1987200,7728,230,257,7560.0,-4997.8189960400005,-0.9650051593780518,0.9997060894966125,0.2,-0.001562988927277426,5e-05,2290,0.00016396633408375137,29.269397735595703,0.019525462962962963,0.0026135815,-18.892771945529514
1995840,7760,231,257,7560.0,-4961.038555730001,-0.9366277456283569,0.9994695782661438,0.2,-0.001699391162816297,5e-05,2300,0.00019256050077038473,29.764150619506836,0.011643518518518518,0.0024896376,-18.954657940334744
2004480,7792,232,257,7560.0,-4944.00359041,-0.957506537437439,0.9998488426208496,0.2,-0.0014111115548035337,5e-05,2310,0.00016081182856632275,30.133840560913086,0.011331018518518518,0.0023578696,-19.00874319429751
2013120,7823,233,257,7560.0,-4923.65665395,-0.9796467423439026,0.9995117783546448,0.2,-0.0019553312498869165,5e-05,2320,0.00026736806153807,30.691890716552734,0.01273148148148148,0.0035572925,-19.062990108066135
2021760,7854,234,257,7560.0,-4908.83334818,-0.9748712182044983,0.9993878602981567,0.2,-0.0014204694639408477,5e-05,2330,0.0002715543572439519,31.299108505249023,0.010474537037037037,0.002543566,-19.130126098350242
2030400,7886,235,257,7560.0,-4889.3007164,-0.9578920602798462,0.9995802044868469,0.2,-0.0019919322020615694,5e-05,2340,0.0002546216814220383,31.7923641204834,0.01579861111111111,0.0029143286,-19.194859767489962
2039040,7917,236,257,7560.0,-4872.99874359,-0.9805258512496948,0.9996078014373779,0.2,-0.0017893175653147476,5e-05,2350,0.0002450959844497481,32.41423797607422,0.018645833333333334,0.0030045449,-19.261796352245188
2047680,7949,237,257,7560.0,-4859.612337240001,-0.9757522940635681,0.9996381402015686,0.2,-0.0015432614382977286,5e-05,2360,0.0001922690961456047,32.75465774536133,0.011284722222222222,0.0021865282,-19.319619928995767
2056320,7982,238,257,7560.0,-4838.494690709999,-0.9729575514793396,0.9996347427368164,0.2,-0.0016382924601849582,5e-05,2370,0.00015683618824200324,33.2247314453125,0.0078009259259259256,0.0026654676,-19.366314413282605
2064960,8013,239,257,7560.0,-4830.077181369999,-0.9692280888557434,0.9998747110366821,0.2,-0.0014105313545506861,5e-05,2380,0.00013816831831785817,33.740516662597656,0.005138888888888889,0.0022045095,-19.420836811772098
2073600,8044,240,257,7560.0,-4822.93740799,-0.9671441316604614,0.9996758699417114,0.2,-0.00171949564203344,5e-05,2390,0.00026768404907434834,34.140472412109375,0.01056712962962963,0.0025303955,-19.46800816571271
2082240,8076,241,257,7560.0,-4856.004031799999,-0.9786050915718079,0.9987971186637878,0.2,-0.00242099187914627,5e-05,2400,0.000659002706632708,34.701622009277344,0.009548611111111112,0.0023316455,-19.51881640964084
2090880,8107,242,257,7560.0,-4860.57708849,-0.9829397201538086,0.9974023699760437,0.2,-0.0018585040549644165,5e-05,2410,0.002498410040495434,35.361900329589844,0.01318287037037037,0.0033036554,-19.58889508706552
2099520,8139,243,257,7560.0,-4882.77656759,-0.9785369038581848,0.9982507228851318,0.2,-0.0019377312840272983,5e-05,2420,0.0013219801587035396,36.029388427734375,0.012314814814814815,0.00299027,-19.66237250999168
2108160,8170,244,258,7560.0,-4913.8213672,-0.9989779591560364,0.9971981048583984,0.2,-0.003453598589187971,5e-05,2430,0.0017108721765085916,36.71345138549805,0.03891203703703704,0.0051476373,-19.7312186022158
2116800,8203,245,258,7560.0,-4925.2671393,-0.9955586194992065,0.9978616833686829,0.2,-0.003814304705398778,5e-05,2440,0.0012057759553297527,37.43770217895508,0.026238425925925925,0.0040773214,-19.81229634037724
2125440,8234,246,258,7560.0,-4935.093105169999,-1.0079697370529175,0.9989809393882751,0.2,-0.002475003366427565,5e-05,2450,0.0009710229488943393,37.99287414550781,0.0190625,0.0029963162,-19.880842313413268
2134080,8265,247,258,7560.0,-4964.00818165,-1.0117803812026978,0.9982154369354248,0.2,-0.001666697478611712,5e-05,2460,0.0013550125510017905,38.54941177368164,0.014004629629629629,0.002726243,-19.94235804663764
2142720,8297,248,258,7560.0,-4979.711180859999,-1.0154719352722168,0.9985761046409607,0.2,-0.0027121076020584613,5e-05,2470,0.0016559555286248388,39.28822326660156,0.026747685185185187,0.003958702,-20.012871689973053
2151360,8328,249,258,7560.0,-4999.50615858,-1.0093439817428589,0.9986184239387512,0.2,-0.0014183925538910208,5e-05,2480,0.0012020706909458602,39.850425720214844,0.008761574074074074,0.002552262,-20.080986087940357
2160000,8359,250,258,7560.0,-5009.42930323,-1.017966866493225,0.9988417625427246,0.2,-0.0006965314517556517,5e-05,2490,0.0009723409370484727,40.38457489013672,0.013391203703703704,0.0026139484,-20.13933419828062
2168640,8390,251,258,7560.0,-5031.283611360001,-1.0294487476348877,0.9987007975578308,0.2,-0.0024311306462105778,5e-05,2500,0.0024099255689307704,41.024925231933594,0.01721064814814815,0.0029971215,-20.19558885079843
2177280,8423,252,258,7560.0,-5025.34705603,-1.011225938796997,0.997655987739563,0.2,-0.003355048881257298,5e-05,2510,0.0011574195558205246,41.633636474609375,0.029733796296296296,0.004071936,-20.253186569213867
2185920,8454,253,258,7560.0,-5019.63206629,-1.0175923109054565,0.9996481537818909,0.2,-0.0025875019940927073,5e-05,2520,0.00048427224438421913,42.03357696533203,0.014594907407407407,0.0028049967,-20.302623875935872
2194560,8485,254,258,7560.0,-5019.17030839,-1.0225590467453003,0.9989845752716064,0.2,-0.0008519209455698729,5e-05,2530,0.000691845576123645,42.51323699951172,0.006643518518518518,0.0020016553,-20.345521156876174
2203200,8517,255,258,7560.0,-5042.67401579,-1.0131874084472656,0.9987167716026306,0.2,-0.0009035957804708569,5e-05,2540,0.0004885215429520166,43.112205505371094,0.006851851851851852,0.0019328321,-20.39561625727901
2211840,8548,256,258,7560.0,-5044.472980719999,-1.0391781330108643,0.998003363609314,0.2,-0.0012885422511371197,5e-05,2550,0.0013992648007546517,43.7432746887207,0.013159722222222222,0.002206601,-20.451347728305393
2220480,8580,257,258,7560.0,-5037.53104133,-1.02864670753479,0.9989158511161804,0.2,-0.0011311482976156253,5e-05,2560,0.0005300060542800498,44.641639709472656,0.009398148148148149,0.0024513514,-20.520595758226182
2229120,8611,258,258,7560.0,-5033.9837953900005,-1.0388672351837158,0.9995004534721375,0.2,-0.0030640894450523234,5e-05,2570,0.0003786166930998055,45.149505615234375,0.014826388888888889,0.003254338,-20.57522718641493
2237760,8644,259,258,7560.0,-5058.46601068,-1.0275746583938599,0.9992382526397705,0.2,-0.0009211671203202395,5e-05,2580,0.0005998517338001101,45.764488220214844,0.008900462962962962,0.002180307,-20.61703059302436
2246400,8676,260,258,7560.0,-5063.97113854,-1.0464345216751099,0.9917841553688049,0.2,-0.0008838685018148411,5e-05,2590,0.001167944196624578,46.61060333251953,0.006863425925925926,0.0021961848,-20.678699778804074
2255040,8708,261,258,7560.0,-5059.37663769,-1.0330939292907715,0.9982645511627197,0.2,-0.00055522266421812,5e-05,2600,0.0006109665635718826,47.11824035644531,0.0031134259259259257,0.0013729427,-20.734820874532065
2263680,8739,262,259,7560.0,-5073.002341439999,-1.0537127256393433,0.9991477131843567,0.2,-0.0020955543406307696,5e-05,2610,0.00042605274174733224,47.71049880981445,0.010787037037037038,0.002947274,-20.77571758976689
2272320,8770,263,259,7560.0,-5071.41241826,-1.0606184005737305,0.9952126145362854,0.2,-0.0006336282936994125,5e-05,2620,0.0006854704263430365,48.529396057128906,0.0053125,0.0019254418,-20.831645555849427
2280960,8802,264,259,7560.0,-5075.20985804,-1.0450307130813599,0.9981595277786255,0.2,-0.0016505730979972416,5e-05,2630,0.0006604694985435345,49.18244171142578,0.007534722222222222,0.0023059289,-20.890760644983363
2289600,8833,265,259,7560.0,-5075.427758,-1.0299568176269531,0.998939573764801,0.2,-0.0013228414201660564,5e-05,2640,0.0005216124968353176,50.053466796875,0.008125,0.0026819136,-20.947504149542915
2298240,8866,266,259,7560.0,-5073.38179755,-1.0482239723205566,0.9988866448402405,0.2,-0.001599110947076783,5e-05,2650,0.0005861808829595921,50.884315490722656,0.012534722222222221,0.0032903727,-21.005179526717576
2306880,8897,267,259,7560.0,-5076.03912011,-1.0460600852966309,0.9989868998527527,0.2,-0.0006597956586456685,5e-05,2660,0.0005705483966071538,51.562984466552734,0.003136574074074074,0.0014548749,-21.05210153226499
2315520,8928,268,259,7560.0,-5079.8909558,-1.0450385808944702,0.9979314804077148,0.2,-0.0007748677212469004,5e-05,2670,0.0008244005479112578,52.05036926269531,0.004652777777777777,0.0019397967,-21.09626053845441
2324160,8960,269,259,7560.0,-5076.155444160001,-1.0627143383026123,0.9979111552238464,0.2,-0.00047742060023463434,5e-05,2680,0.0010483880412195706,52.844940185546875,0.0028935185185185184,0.0015139399,-21.144853945131654
2332800,8991,270,259,7560.0,-5076.217445910001,-1.0518393516540527,0.9992352724075317,0.2,-0.0030657461721933,5e-05,2690,0.0005907617116247787,53.718685150146484,0.01840277777777778,0.0035966288,-21.199332744457102
2341440,9022,271,259,7560.0,-5078.8061879100005,-1.0639564990997314,0.9983723163604736,0.2,-0.0014205109174535782,5e-05,2700,0.0008659764325366941,54.577392578125,0.0061805555555555555,0.0026307,-21.250896951180916
2350080,9053,272,259,7560.0,-5096.73375518,-1.0758755207061768,0.997334361076355,0.2,-0.000985962246130738,5e-05,2710,0.0012554055754164302,55.434814453125,0.006539351851851852,0.001876973,-21.307441163239655
2358720,9086,273,259,7560.0,-5095.7094889,-1.0726091861724854,0.9990240931510925,0.2,-0.00032193164703332716,5e-05,2720,0.0004907736063641669,56.05217361450195,0.0008912037037037037,0.0010645838,-21.35706510897036
2367360,9117,274,259,7560.0,-5100.208549659999,-1.0609709024429321,0.9986143708229065,0.2,-0.0009545570244598719,5e-05,2730,0.0007954346421131588,57.057167053222656,0.003923611111111111,0.0017535649,-21.413547237537525
2376000,9148,275,259,7560.0,-5102.344860220001,-1.0743845701217651,0.9974653124809265,0.2,-0.001404184430182256,5e-05,2740,0.0012658920284593477,57.9744873046875,0.006296296296296296,0.0020272885,-21.484825553894044
2384640,9179,276,259,7560.0,-5101.79666101,-1.1050821542739868,0.9990039467811584,0.2,-0.0010351072648471153,5e-05,2750,0.0005549863334400235,58.92716979980469,0.005532407407407408,0.0016968636,-21.5477488510697
2393280,9210,277,259,7560.0,-5099.84506249,-1.0898339748382568,0.9991601705551147,0.2,-0.0012146563362330199,5e-05,2760,0.0004950521942831714,59.855552673339844,0.004074074074074074,0.0017335628,-21.602654770745172
2401920,9242,278,259,7560.0,-5096.21645105,-1.0965251922607422,0.9994109272956848,0.2,-0.001519434919960245,5e-05,2770,0.00043659017370642955,60.74443817138672,0.008969907407407407,0.001996372,-21.655365720678258
2410560,9273,279,259,7560.0,-5092.342427529999,-1.0861085653305054,0.9995485544204712,0.2,-0.0008991711057239661,5e-05,2780,0.00035683006168929515,61.441104888916016,0.0028472222222222223,0.0016223033,-21.70265167236328
2419200,9306,280,259,7560.0,-5093.85035215,-1.090099811553955,0.9996324181556702,0.2,-0.001806413032528427,5e-05,2790,0.0003089552917905773,62.499996185302734,0.007962962962962963,0.0021873964,-21.749505749455206
2427840,9338,281,259,7560.0,-5095.90391782,-1.0936845541000366,0.9994655847549438,0.2,-0.001358840175455919,5e-05,2800,0.0005240012892021763,63.211700439453125,0.0036226851851851854,0.0016180432,-21.789355208785445
2436480,9369,282,260,7560.0,-5099.6523379499995,-1.0865581035614014,0.9995045065879822,0.2,-0.0020538118278987153,5e-05,2810,0.0004136128026638525,64.04280853271484,0.004189814814814815,0.0018380533,-21.82548919112594
2445120,9400,283,260,7560.0,-5104.001793179999,-1.0987048149108887,0.9994747638702393,0.2,-0.0012458001032333683,5e-05,2820,0.00040428325790411757,65.11349487304688,0.003460648148148148,0.0016377205,-21.87202525809959
2453760,9431,284,260,7560.0,-5104.75944849,-1.092611312866211,0.9992220401763916,0.2,-0.001276019840432262,5e-05,2830,0.0005125060964255008,66.1435317993164,0.004560185185185185,0.0016705579,-21.92045650764748
2462400,9463,285,260,7560.0,-5109.275548879999,-1.0886173248291016,0.9993998408317566,0.2,-0.0017593563275618686,5e-05,2840,0.0003597064402614099,67.30960083007812,0.008032407407407408,0.002473713,-21.972729839748805
2471040,9494,286,260,7560.0,-5111.32984555,-1.107421875,0.9985908269882202,0.2,-0.0007076905433226515,5e-05,2850,0.00044136855005355623,68.08953094482422,0.005150462962962963,0.001492425,-22.019524571454085
2479680,9527,287,260,7560.0,-5113.47550366,-1.1147434711456299,0.9993889927864075,0.2,-0.001441464400505302,5e-05,2860,0.000399919940973632,69.228759765625,0.0033449074074074076,0.00194986,-22.066191851298015
2488320,9558,288,260,7560.0,-5116.44882546,-1.1232153177261353,0.9996379017829895,0.2,-0.0006726255045807058,5e-05,2870,0.00039261341936825946,70.29552459716797,0.0030092592592592593,0.0018908359,-22.117051063820167
2496960,9589,289,260,7560.0,-5118.9992520900005,-1.1170403957366943,0.9991016983985901,0.2,-0.0005133160998768829,5e-05,2880,0.0003358763250839224,71.42723846435547,0.0029976851851851853,0.0015884211,-22.17114466490569
2505600,9620,290,260,7560.0,-5142.372259239999,-1.1056890487670898,0.9991194605827332,0.2,-0.001971809946483484,5e-05,2890,0.00038738746844939196,72.46846771240234,0.006828703703703704,0.0021128636,-22.22288693604646
2514240,9651,291,260,7560.0,-5138.583787419999,-1.1105622053146362,0.9972172379493713,0.2,-0.0034335177709107047,5e-05,2900,0.0012661684434041726,73.87191009521484,0.021608796296296296,0.0036534683,-22.280201719778557
2522880,9682,292,260,7560.0,-5139.78036289,-1.1101901531219482,0.9995837211608887,0.2,-0.0009582343188769839,5e-05,2910,0.0003849179965995804,75.07017517089844,0.004907407407407407,0.0016065992,-22.352023479320383
2531520,9713,293,260,7560.0,-5136.533213329999,-1.122285008430481,0.9995111227035522,0.2,-0.0010396784856156619,5e-05,2920,0.0003196085309092369,75.88807678222656,0.0025694444444444445,0.0012485044,-22.401344884236654
2540160,9746,294,260,7560.0,-5171.67094372,-1.1262215375900269,0.998816967010498,0.2,-0.002363270139321685,5e-05,2930,0.0006546769474408831,77.04461669921875,0.01579861111111111,0.0026292056,-22.446545961168077
2548800,9778,295,260,7560.0,-5204.081026239999,-1.1311910152435303,0.9981187582015991,0.2,-0.002345489726781293,5e-05,2940,0.0017335549776261259,78.06400299072266,0.017013888888888887,0.0034303693,-22.505196129127786
2557440,9809,296,260,7560.0,-5204.3929951,-1.1432061195373535,0.9986391067504883,0.2,-0.0030104123763050193,5e-05,2950,0.0013720605809120806,79.69256591796875,0.029201388888888888,0.0040914626,-22.57459622701009
2566080,9840,297,260,7560.0,-5208.424488860001,-1.1474053859710693,0.9994163513183594,0.2,-0.0014613361420385816,5e-05,2960,0.00039009854504709233,80.90673065185547,0.006122685185185185,0.0018373498,-22.635432500486022
2574720,9871,298,260,7560.0,-5242.91337379,-1.1278730630874634,0.9951524138450623,0.2,-0.0014668755899010985,5e-05,2970,0.00171235240659573,81.84455871582031,0.008541666666666666,0.0015982932,-22.678137199966997
2583360,9902,299,260,7560.0,-5253.1209091,-1.1255011558532715,0.9972339868545532,0.2,-0.0022134146794538807,5e-05,2980,0.0014372608082636293,83.12129211425781,0.023310185185185184,0.0037671865,-22.731535774513528
2592000,9933,300,260,7560.0,-5258.77507175,-1.137440800666809,0.997470498085022,0.2,-0.0004878252929214526,5e-05,2990,0.0007636313944735944,84.26155090332031,0.0036342592592592594,0.0014903272,-22.788299362747757
2600640,9966,301,260,7560.0,-5254.4704229,-1.1448287963867188,0.9992111325263977,0.2,-0.0011790014395093615,5e-05,3000,0.0004691288546072664,85.30877685546875,0.005520833333333333,0.0017942159,-22.831237470838758
2609280,9998,302,260,7560.0,-5262.588772409999,-1.1387383937835693,0.9994470477104187,0.2,-0.0009092728997132293,5e-05,3010,0.0004395884062331687,86.24359893798828,0.004016203703703704,0.0017108995,-22.868272204928928
2617920,10030,303,261,7560.0,-5270.07473414,-1.163151741027832,0.9983540773391724,0.2,-0.0009369622784908171,5e-05,3020,0.000898212712426256,87.7620849609375,0.0035069444444444445,0.0017802307,-22.919238672609684
2626560,10061,304,261,7560.0,-5274.885576000001,-1.1621018648147583,0.9977236390113831,0.2,-0.000683838133700192,5e-05,3030,0.0007559302872848801,89.20578002929688,0.004247685185185185,0.0014500569,-22.97636630870678
2635200,10102,305,260,7560.0,-5282.28539445,-1.1500240564346313,0.9990954995155334,0.2,-0.0010426856930954038,5e-05,3040,0.00046587573109987984,90.73155212402344,0.0022916666666666667,0.0016206397,-23.03090268170392
2643840,10140,306,260,7560.0,-5291.40455491,-1.162986159324646,0.9967997670173645,0.2,-0.001026594438245175,5e-05,3050,0.0007557624013107098,92.3482666015625,0.0069791666666666665,0.0022609304,-23.09107202741835
2652480,10174,307,260,7560.0,-5322.463907709999,-1.1609421968460083,0.9941443800926208,0.2,-0.002575461847742123,5e-05,3060,0.0012421305287474145,93.96910095214844,0.021030092592592593,0.0033200362,-23.16151187331588
2661120,10208,308,260,7560.0,-5401.15886958,-1.1703956127166748,0.9954845309257507,0.2,-0.002437154147946448,5e-05,3070,0.0020805013713133696,95.62815856933594,0.009976851851851851,0.0027925824,-23.237748311360676
2669760,10241,309,260,7560.0,-5439.3203869,-1.1637705564498901,0.9962734580039978,0.2,-0.0025699185714539554,5e-05,3080,0.001991866605347712,97.9033203125,0.02039351851851852,0.004345413,-23.32491441656042
2678400,10276,310,260,7560.0,-5479.27786073,-1.1921323537826538,0.9959460496902466,0.2,-0.0019951130463569254,5e-05,3090,0.002201740207210942,99.6651840209961,0.016516203703703703,0.0030082897,-23.405432275842738
2687040,10309,311,260,7560.0,-5482.64644917,-1.1888790130615234,0.9970254302024841,0.2,-0.001661462733798005,5e-05,3100,0.002130892338765854,101.3794937133789,0.019247685185185184,0.0031483183,-23.473529223689326
2695680,10342,312,260,7560.0,-5491.894267840002,-1.180040955543518,0.9986496567726135,0.2,-0.0009733849149887208,5e-05,3110,0.0008287838858733367,103.01449584960938,0.008263888888888888,0.0019217037,-23.535208032396106
2704320,10376,313,260,7560.0,-5496.389545470001,-1.1780157089233398,0.9985441565513611,0.2,-0.0014329645893088093,5e-05,3120,0.0015021403955243942,104.44306182861328,0.01857638888888889,0.0028870727,-23.587521441424336
